time,pos_x,pos_y,pos_z,rot_x,rot_y,rot_z
72.1311,-1.91188,2.601795,-1.582904,47.6681,90.22922,357.3813
72.14447,-1.909814,2.601689,-1.582843,47.72678,90.39108,357.4656
72.15373,-1.907793,2.601727,-1.582859,47.78132,90.55986,357.564
72.16229,-1.905681,2.601657,-1.582913,47.771,90.70926,357.6745
72.17039,-1.903404,2.601621,-1.582959,47.75228,90.83001,357.7753
72.18148,-1.901334,2.601687,-1.583129,47.71764,90.92848,357.864
72.1926,-1.898993,2.601629,-1.583245,47.68261,90.98859,357.9214
72.20374,-1.896503,2.601642,-1.583319,47.67962,91.05573,358.0076
72.21491,-1.894062,2.601619,-1.583477,47.69944,91.07301,358.0476
72.22591,-1.891488,2.601515,-1.583714,47.68613,91.1013,358.1183
72.23697,-1.88865,2.601295,-1.583924,47.65566,91.10409,358.1403
72.24839,-1.885794,2.601097,-1.584257,47.59266,91.10382,358.1885
72.26931,-1.882768,2.600857,-1.584534,47.53433,91.10714,358.2268
72.28064,-1.879684,2.60064,-1.585036,47.48602,91.05167,358.2168
72.28863,-1.876376,2.600364,-1.585385,47.42622,90.9964,358.2201
72.29617,-1.873161,2.600108,-1.585946,47.37993,90.94409,358.2218
72.30421,-1.869731,2.599786,-1.586528,47.33076,90.87747,358.2132
72.31477,-1.866338,2.599402,-1.587293,47.30963,90.81667,358.2379
72.32584,-1.862823,2.59897,-1.588184,47.30262,90.76614,358.3221
72.33704,-1.859256,2.598646,-1.589125,47.30256,90.67098,358.3609
72.34817,-1.85584,2.598481,-1.590242,47.26573,90.59928,358.4401
72.35914,-1.852148,2.598195,-1.591365,47.2029,90.48328,358.4751
72.37027,-1.848206,2.597829,-1.592625,47.09486,90.37179,358.5174
72.3815,-1.844261,2.59751,-1.593834,46.97247,90.21214,358.5244
72.39247,-1.839941,2.597213,-1.59515,46.81667,90.07547,358.5301
72.40379,-1.835233,2.596933,-1.596541,46.62743,89.91029,358.5612
72.41556,-1.830558,2.59667,-1.598117,46.40989,89.75475,358.6476
72.42612,-1.825697,2.596445,-1.599849,46.19438,89.61054,358.7322
72.44685,-1.820761,2.596308,-1.601444,46.01389,89.47256,358.798
72.45518,-1.815619,2.596222,-1.603317,45.85674,89.32004,358.8611
72.46277,-1.810541,2.596176,-1.605165,45.71504,89.16055,358.9046
72.47073,-1.805098,2.596347,-1.606966,45.642,88.96358,358.8941
72.48143,-1.799724,2.596581,-1.608981,45.61073,88.74445,358.8553
72.49249,-1.794024,2.596951,-1.611063,45.55759,88.5093,358.8054
72.50388,-1.788213,2.597368,-1.613107,45.44037,88.32896,358.7818
72.52452,-1.782247,2.597864,-1.615263,45.30441,88.20207,358.7997
72.53278,-1.776313,2.598126,-1.617332,45.15092,88.06561,358.7694
72.54043,-1.770333,2.598144,-1.619278,44.99986,87.94553,358.6988
72.55795,-1.764484,2.59813,-1.621238,44.8588,87.8133,358.5948
72.57005,-1.758605,2.598279,-1.622975,44.85859,87.67852,358.3817
72.57813,-1.752486,2.598694,-1.624603,45.01405,87.54678,358.1443
72.58605,-1.746597,2.599267,-1.62635,45.26616,87.38614,357.8652
72.59357,-1.740835,2.599849,-1.627796,45.58185,87.27417,357.5909
72.60362,-1.735295,2.600382,-1.629263,45.8162,87.21799,357.4067
72.62453,-1.729988,2.600783,-1.630508,45.99831,87.22198,357.2823
72.63272,-1.724549,2.601028,-1.631726,46.10093,87.25671,357.2076
72.64029,-1.719229,2.601172,-1.632772,46.09896,87.34489,357.2874
72.64824,-1.713687,2.601424,-1.633865,46.04013,87.36959,357.4023
72.6591,-1.708041,2.601824,-1.634832,45.92953,87.38203,357.6049
72.67029,-1.702148,2.602395,-1.63568,45.84881,87.36337,357.7676
72.68136,-1.696084,2.603323,-1.636237,45.80411,87.31685,357.914
72.69236,-1.690019,2.604333,-1.636811,45.82084,87.24349,358.0109
72.70361,-1.684731,2.605332,-1.637463,45.90186,87.13634,358.0199
72.7147,-1.679692,2.606201,-1.638102,45.94962,87.08331,358.03
72.72648,-1.67414,2.606806,-1.638301,45.95042,87.06635,358.0807
72.73698,-1.668761,2.607594,-1.638572,45.94992,87.07775,358.1518
72.74808,-1.663221,2.60815,-1.638663,45.98825,87.11631,358.2458
72.76895,-1.657955,2.60886,-1.6387,46.06403,87.16417,358.3649
72.77707,-1.652542,2.609365,-1.638744,46.11321,87.15173,358.4915
72.78471,-1.647215,2.609676,-1.638646,46.10921,87.07716,358.6137
72.79263,-1.641451,2.61017,-1.637633,46.09442,87.05233,358.7089
72.80357,-1.636384,2.610081,-1.637686,46.05402,86.9454,358.7296
72.81461,-1.631276,2.609911,-1.637438,46.03476,86.86107,358.7048
72.82581,-1.626299,2.609669,-1.636983,45.98949,86.7858,358.6182
72.84667,-1.621815,2.609144,-1.636583,45.89271,86.72746,358.5396
72.85496,-1.617057,2.608349,-1.636104,45.79136,86.72292,358.4585
72.8628,-1.612067,2.607645,-1.635226,45.6931,86.75891,358.3305
72.87082,-1.607429,2.606516,-1.634509,45.62782,86.81863,358.1583
72.89103,-1.603039,2.605209,-1.633876,45.58302,86.88264,358.0085
72.89933,-1.598731,2.603932,-1.6331,45.62022,86.96259,357.8891
72.90716,-1.594687,2.60252,-1.632176,45.76759,87.02824,357.7068
72.92435,-1.590617,2.601096,-1.631185,45.96003,87.10466,357.5162
72.93279,-1.586894,2.599278,-1.630052,46.09819,87.27696,357.3272
72.94036,-1.583283,2.59711,-1.628923,46.08908,87.46721,357.1878
72.95778,-1.579686,2.594796,-1.627836,45.98915,87.74133,357.1619
72.96605,-1.57569,2.593088,-1.62677,46.01998,88.03696,357.1835
72.97363,-1.570989,2.592535,-1.625541,46.34813,88.37342,357.32
72.98158,-1.566126,2.592525,-1.624508,46.7743,88.62845,357.3866
72.99229,-1.56097,2.592748,-1.623348,47.18098,88.84714,357.4889
73.01321,-1.556165,2.592521,-1.622047,47.33458,89.12733,357.7684
73.02145,-1.551463,2.591714,-1.620868,47.35027,89.45951,358.1142
73.03311,-1.546806,2.590813,-1.619799,47.41192,89.84184,358.3964
73.04109,-1.541969,2.590357,-1.618717,47.52598,90.39097,358.9248
73.04899,-1.537148,2.589987,-1.617932,47.68903,90.87936,359.5558
73.05894,-1.532351,2.589957,-1.617181,47.98164,91.31287,0.262489
73.07993,-1.527261,2.590254,-1.616397,48.37593,91.71378,0.940589
73.08819,-1.522208,2.590705,-1.615637,48.79129,92.07928,1.486481
73.09569,-1.517285,2.591299,-1.615036,49.146,92.3988,1.886693
73.10369,-1.51194,2.591761,-1.614317,49.42701,92.66903,2.17495
73.11449,-1.506673,2.592242,-1.613723,49.59799,92.89979,2.359627
73.1256,-1.501161,2.59268,-1.613036,49.69625,93.15285,2.54357
73.1367,-1.495675,2.592944,-1.61226,49.67191,93.41886,2.707516
73.14791,-1.490337,2.592966,-1.611636,49.51406,93.68202,2.83536
73.15882,-1.48492,2.592899,-1.610799,49.36244,93.99127,2.99303
73.17003,-1.47964,2.592596,-1.61019,49.31247,94.21515,3.061864
73.18118,-1.474387,2.592215,-1.609571,49.37431,94.41955,3.094554
73.20203,-1.469063,2.591763,-1.608821,49.48909,94.5768,3.076851
73.21022,-1.463664,2.591249,-1.608054,49.58352,94.71252,3.018642
73.21778,-1.458431,2.590526,-1.607525,49.6082,94.8745,3.00657
73.22563,-1.452876,2.589751,-1.606837,49.63033,95.03892,3.001822
73.23654,-1.447423,2.588732,-1.606353,49.61813,95.16588,3.053771
73.24768,-1.441824,2.587607,-1.605807,49.61083,95.24847,3.148494
73.26856,-1.436102,2.586257,-1.605083,49.60085,95.31879,3.331506
73.27667,-1.430458,2.584787,-1.604599,49.65401,95.35621,3.477619
73.28421,-1.424848,2.583227,-1.604235,49.79089,95.37387,3.653149
73.30194,-1.419171,2.581751,-1.603832,50.00849,95.41811,3.840751
73.31006,-1.413481,2.580271,-1.603703,50.34453,95.40997,4.068218
73.31755,-1.407825,2.578791,-1.603783,50.66354,95.4103,4.32897
73.32529,-1.401815,2.57739,-1.603845,50.91076,95.40751,4.607242
73.33659,-1.395464,2.576042,-1.603894,51.07431,95.3354,4.870034
73.34834,-1.388907,2.574828,-1.603907,51.16576,95.22025,5.10114
73.35874,-1.382174,2.573467,-1.604443,51.16977,94.98999,5.252953
73.36997,-1.37512,2.572194,-1.604949,51.15379,94.74767,5.384106
73.39079,-1.367925,2.570902,-1.60572,51.08139,94.4333,5.396796
73.39902,-1.361067,2.569488,-1.606749,51.00899,94.15361,5.395284
73.40665,-1.353704,2.568228,-1.607698,50.94124,93.86778,5.325571
73.42403,-1.346213,2.566914,-1.608678,50.88243,93.57569,5.262676
73.4323,-1.338707,2.565531,-1.609972,50.81373,93.21532,5.162569
73.43991,-1.330965,2.564128,-1.611147,50.74786,92.77039,5.021264
73.44798,-1.323279,2.562753,-1.61265,50.7345,92.26324,4.836652
73.45878,-1.315867,2.561448,-1.614191,50.74634,91.76973,4.649112
73.46986,-1.308182,2.560058,-1.616009,50.80392,91.24004,4.41002
73.48097,-1.300365,2.558769,-1.618084,50.92293,90.74805,4.171021
73.49212,-1.292401,2.557608,-1.620204,51.05715,90.29597,3.996048
73.50414,-1.284165,2.556659,-1.62214,51.14754,89.86797,3.842048
73.52415,-1.275965,2.555715,-1.624397,51.14972,89.41721,3.706229
73.53242,-1.267287,2.554915,-1.627004,51.06792,88.91011,3.514552
73.54,-1.258481,2.554219,-1.629406,50.9331,88.40923,3.310126
73.55747,-1.249307,2.553794,-1.631876,50.72738,87.85634,3.042699
73.566,-1.23987,2.553601,-1.634037,50.54375,87.36214,2.804706
73.57374,-1.230294,2.553653,-1.636538,50.38916,86.87123,2.538916
73.59079,-1.220796,2.553772,-1.638989,50.27808,86.41377,2.310996
73.59916,-1.210921,2.553985,-1.641347,50.15085,85.93983,2.115049
73.60694,-1.201499,2.554217,-1.643682,49.97705,85.48381,2.000008
73.61499,-1.191984,2.554757,-1.645946,49.8055,84.97166,1.919722
73.63521,-1.182269,2.555803,-1.648033,49.78661,84.34994,1.81233
73.64365,-1.172397,2.557676,-1.649913,50.04329,83.62754,1.727063
73.65527,-1.162728,2.559711,-1.651649,50.4124,82.64018,1.421774
73.66326,-1.153545,2.561367,-1.653298,50.60868,81.4951,1.055964
73.6713,-1.144779,2.562747,-1.654639,50.56771,80.25072,0.75915
73.69073,-1.136031,2.564028,-1.655874,50.53059,78.92395,0.336283
73.69918,-1.127584,2.565795,-1.656961,50.68827,77.57993,359.8049
73.70692,-1.11901,2.567978,-1.658054,50.97219,76.28236,359.3468
73.71487,-1.110834,2.57008,-1.659121,51.19386,74.97588,358.9306
73.7253,-1.102837,2.571897,-1.660147,51.23369,73.77211,358.5642
73.73637,-1.095133,2.573288,-1.661067,51.11525,72.58964,358.2136
73.74757,-1.087437,2.574389,-1.661896,50.87119,71.46057,357.7647
73.7683,-1.079932,2.575185,-1.662576,50.49102,70.45168,357.436
73.77669,-1.072216,2.576027,-1.663306,50.15217,69.3791,357.0765
73.78439,-1.064691,2.576935,-1.663866,49.93284,68.26434,356.7434
73.79232,-1.057237,2.577946,-1.664522,49.85558,67.10094,356.3783
73.80341,-1.049949,2.578714,-1.664956,49.83716,65.95984,356.0008
73.82392,-1.043097,2.579283,-1.665498,49.8379,64.92715,355.6833
73.83215,-1.036327,2.579601,-1.66621,49.88279,63.92669,355.3643
73.83977,-1.030066,2.579851,-1.666963,50.09997,63.00764,355.0413
73.8476,-1.023647,2.580365,-1.667618,50.37799,62.10804,354.737
73.85847,-1.017494,2.580747,-1.668091,50.67517,61.36416,354.5073
73.86955,-1.011356,2.581155,-1.668443,50.90944,60.64992,354.2286
73.88071,-1.005261,2.581511,-1.668802,51.09253,59.92495,353.9234
73.90168,-0.999314,2.581884,-1.669223,51.25818,59.18351,353.5528
73.90983,-0.993464,2.582303,-1.669384,51.46006,58.47992,353.1611
73.91727,-0.987675,2.58276,-1.66949,51.61631,57.83603,352.7798
73.93472,-0.981804,2.583264,-1.669444,51.71458,57.31074,352.4494
73.9427,-0.975856,2.583636,-1.669291,51.75631,56.8961,352.1927
73.95021,-0.969682,2.584011,-1.668966,51.72779,56.66973,352.0436
73.95826,-0.963458,2.584355,-1.66862,51.67153,56.50825,351.9185
73.96976,-0.957104,2.584626,-1.668157,51.56503,56.42508,351.8645
73.98059,-0.950757,2.584716,-1.667557,51.42137,56.41684,351.8843
73.99157,-0.944429,2.584608,-1.666803,51.26021,56.42807,351.9166
74.00282,-0.938096,2.584394,-1.665969,51.1122,56.42099,351.9387
74.02361,-0.931969,2.584019,-1.665228,51.02133,56.37509,351.8929
74.03159,-0.925814,2.583609,-1.664209,51.03885,56.31293,351.8268
74.03909,-0.919792,2.583154,-1.663207,51.13778,56.21648,351.7333
74.0472,-0.913825,2.582661,-1.662006,51.28527,56.15379,351.6461
74.05826,-0.907813,2.582174,-1.660721,51.44146,56.12894,351.5652
74.06929,-0.901827,2.581477,-1.659206,51.56056,56.16451,351.4969
74.08048,-0.895871,2.580701,-1.657577,51.62278,56.24383,351.4759
74.09155,-0.889877,2.579912,-1.655745,51.69724,56.32045,351.4461
74.10274,-0.88389,2.579069,-1.65374,51.77302,56.35253,351.379
74.12354,-0.877783,2.578166,-1.651503,51.85828,56.32807,351.2364
74.13543,-0.871749,2.577213,-1.649387,51.95333,56.29704,351.0555
74.14317,-0.865835,2.576286,-1.646916,52.07233,56.224,350.7921
74.15076,-0.859949,2.575404,-1.644423,52.20206,56.18872,350.5587
74.15849,-0.854083,2.57454,-1.641706,52.30586,56.17241,350.3391
74.16936,-0.848081,2.573642,-1.638862,52.36887,56.21141,350.1698
74.18047,-0.842073,2.572663,-1.635825,52.36155,56.30724,350.075
74.19169,-0.835907,2.571559,-1.632647,52.29707,56.44721,350.0245
74.20271,-0.829652,2.57038,-1.629334,52.17652,56.59506,350.0227
74.2137,-0.823302,2.56915,-1.625833,52.05602,56.70959,350.0004
74.22512,-0.816912,2.56784,-1.622177,51.93563,56.8072,349.9848
74.2359,-0.81056,2.566352,-1.618377,51.79451,56.90614,349.9106
74.24711,-0.804069,2.564833,-1.614438,51.68169,57.00036,349.8395
74.2582,-0.797538,2.563118,-1.610368,51.53797,57.20347,349.8673
74.2791,-0.790726,2.561458,-1.606099,51.42598,57.41386,349.9094
74.29105,-0.783994,2.559727,-1.601882,51.28838,57.6726,349.9675
74.29894,-0.77713,2.557967,-1.597452,51.12968,57.94051,349.9936
74.3065,-0.770027,2.556217,-1.592601,50.93968,58.27554,350.0396
74.31422,-0.762831,2.554587,-1.587682,50.7999,58.60885,350.033
74.32484,-0.755404,2.553171,-1.582444,50.69446,59.00451,349.9389
74.34596,-0.747855,2.55186,-1.577222,50.56915,59.4734,349.849
74.35412,-0.74002,2.550734,-1.571802,50.35861,60.15079,349.8211
74.36151,-0.731948,2.549694,-1.566217,50.05622,61.00381,349.882
74.36929,-0.723793,2.548749,-1.56051,49.67232,61.9876,350.0183
74.38045,-0.715225,2.548267,-1.554482,49.30494,63.16098,350.2186
74.39152,-0.706374,2.54819,-1.548376,49.13641,64.24679,350.375
74.40263,-0.697502,2.548531,-1.542143,49.13466,65.21399,350.4502
74.41369,-0.688822,2.549057,-1.535945,49.22597,66.09535,350.5199
74.42482,-0.680158,2.549717,-1.529674,49.3356,66.89866,350.6139
74.44568,-0.671524,2.550553,-1.523606,49.48134,67.62402,350.712
74.45779,-0.66262,2.552191,-1.51769,49.86404,68.27701,350.8607
74.46562,-0.653892,2.553749,-1.512015,50.3131,68.92751,350.9894
74.47311,-0.645803,2.555169,-1.506696,50.66027,69.63198,351.1382
74.49007,-0.638203,2.55599,-1.501575,50.7502,70.5196,351.476
74.49818,-0.630705,2.556259,-1.496677,50.69377,71.46171,351.852
74.50571,-0.623246,2.556699,-1.49179,50.64606,72.44088,352.1426
74.51357,-0.61579,2.557384,-1.487223,50.66055,73.47697,352.4525
74.52477,-0.608091,2.558274,-1.482931,50.66898,74.41733,352.8648
74.53592,-0.600446,2.559324,-1.47879,50.79364,75.19678,353.2389
74.54718,-0.592689,2.560746,-1.474777,51.07512,75.92542,353.6768
74.55814,-0.585225,2.561975,-1.470842,51.36655,76.64592,354.0402
74.57909,-0.577778,2.56304,-1.467126,51.60511,77.32748,354.4263
74.5873,-0.570437,2.563983,-1.463565,51.77605,77.96959,354.8111
74.5947,-0.563336,2.564872,-1.460394,51.94099,78.54143,355.1303
74.60254,-0.556039,2.565839,-1.457142,52.13044,79.03783,355.4772
74.61406,-0.548858,2.566634,-1.45411,52.30946,79.4676,355.7523
74.62472,-0.541689,2.567357,-1.451122,52.42796,79.91086,356.0342
74.64564,-0.534764,2.567732,-1.448465,52.49797,80.30504,356.24
74.65381,-0.527842,2.568224,-1.445766,52.59562,80.67039,356.3944
74.66145,-0.520865,2.568427,-1.443463,52.70905,80.97865,356.5403
74.6788,-0.513915,2.568655,-1.441158,52.80662,81.26595,356.6984
74.68678,-0.506943,2.568725,-1.439023,52.88586,81.53287,356.8471
74.69403,-0.499947,2.56868,-1.437261,52.9482,81.65095,356.8965
74.70248,-0.492924,2.568566,-1.435574,53.01968,81.7361,356.9033
74.72329,-0.485878,2.568285,-1.4343,53.08023,81.74598,356.8883
74.73141,-0.478785,2.567894,-1.43312,53.12696,81.80801,356.9252
74.73875,-0.471532,2.567363,-1.432251,53.16946,81.89993,356.9612
74.75671,-0.464336,2.566805,-1.431439,53.2091,82.08022,357.0519
74.76871,-0.457055,2.566155,-1.430954,53.26475,82.29789,357.1911
74.77647,-0.449756,2.565435,-1.430616,53.34655,82.50938,357.3211
74.78387,-0.442394,2.564607,-1.430612,53.48266,82.62481,357.4244
74.79166,-0.434935,2.563705,-1.430724,53.62731,82.66865,357.4682
74.81228,-0.427231,2.562663,-1.431089,53.72324,82.70016,357.4634
74.82029,-0.419329,2.561645,-1.431428,53.75781,82.78681,357.5085
74.82764,-0.411167,2.560497,-1.432114,53.74673,82.93435,357.6018
74.84556,-0.402737,2.55926,-1.43302,53.68059,83.14208,357.7415
74.85381,-0.394167,2.557981,-1.434128,53.59782,83.38972,357.9755
74.86115,-0.385376,2.556516,-1.435558,53.51694,83.6179,358.2361
74.86919,-0.376662,2.554985,-1.437077,53.46436,83.80853,358.4877
74.88014,-0.367492,2.553412,-1.438859,53.42785,83.97968,358.759
74.89116,-0.358186,2.551814,-1.440672,53.35823,84.15709,359.0162
74.90246,-0.348733,2.55008,-1.442731,53.25237,84.2914,359.2657
74.9135,-0.339265,2.548225,-1.444962,53.12327,84.4099,359.4692
74.92491,-0.32945,2.546235,-1.447344,52.97141,84.47837,359.6296
74.93571,-0.319655,2.54419,-1.449761,52.82355,84.50674,359.7665
74.95661,-0.309673,2.542105,-1.452419,52.69767,84.47182,359.864
74.96473,-0.299654,2.54005,-1.455092,52.59609,84.39389,359.9112
74.97221,-0.289366,2.538068,-1.45804,52.52354,84.20973,359.8813
74.98017,-0.278941,2.536151,-1.460956,52.43809,83.97549,359.8084
74.99197,-0.268355,2.534202,-1.463917,52.32371,83.71989,359.7198
75.01209,-0.257574,2.532416,-1.467096,52.18245,83.43195,359.6785
75.0202,-0.24682,2.530825,-1.470289,52.06792,83.15015,359.7039
75.02759,-0.235785,2.529801,-1.473634,52.09244,82.79475,359.7976
75.0355,-0.224516,2.529297,-1.476839,52.21447,82.40723,359.877
75.04686,-0.212947,2.529651,-1.480348,52.49877,81.78946,359.9006
75.06777,-0.201769,2.529894,-1.483717,52.71922,81.2179,359.8922
75.07956,-0.190554,2.530988,-1.487052,53.08055,80.59375,359.8953
75.08752,-0.179225,2.53252,-1.490334,53.62997,79.96436,359.831
75.09485,-0.168235,2.534779,-1.493653,54.33475,79.29746,359.568
75.10258,-0.157787,2.536977,-1.496852,54.81058,78.71692,359.4398
75.1133,-0.147594,2.539241,-1.499875,55.00888,78.16555,359.4226
75.1243,-0.137454,2.541378,-1.502788,55.14077,77.58151,359.288
75.13562,-0.12741,2.543906,-1.505407,55.18795,76.97292,359.0804
75.14653,-0.1174,2.546514,-1.507849,54.97123,76.32793,358.9036
75.15768,-0.10754,2.548737,-1.510111,54.50648,75.63692,358.7631
75.17889,-0.097659,2.551014,-1.512101,53.99071,74.8661,358.5623
75.18692,-0.087843,2.553397,-1.514027,53.67735,74.06226,358.3064
75.19418,-0.078365,2.555947,-1.515299,53.46246,73.24525,358.0387
75.20202,-0.069162,2.558173,-1.516891,53.31502,72.43417,357.7664
75.21318,-0.06056,2.560035,-1.51838,53.22268,71.6179,357.5313
75.22442,-0.052388,2.561715,-1.519877,53.19181,70.80345,357.3177
75.24564,-0.04457,2.563104,-1.521447,53.18789,69.98969,357.1309
75.25372,-0.036913,2.564375,-1.52286,53.20022,69.15761,356.9539
75.26097,-0.029639,2.565441,-1.524308,53.23094,68.28141,356.7686
75.27852,-0.022411,2.566511,-1.52576,53.29631,67.2829,356.5715
75.28645,-0.015329,2.567554,-1.527168,53.3675,66.23034,356.363
75.2937,-0.008442,2.568329,-1.528374,53.38952,65.13842,356.1236
75.30212,-0.001705,2.569069,-1.529691,53.33187,64.11539,355.884
75.31321,0.004783,2.569533,-1.530934,53.23093,63.1278,355.6372
75.32431,0.011324,2.569903,-1.532216,53.15673,62.14214,355.3434
75.33552,0.017708,2.570191,-1.533585,53.12621,61.18122,355.0693
75.34647,0.024228,2.570519,-1.534763,53.08644,60.26391,354.7808
75.3576,0.03051,2.570757,-1.535862,53.0157,59.44481,354.4743
75.3688,0.036776,2.570877,-1.536939,52.9209,58.69229,354.1266
75.37991,0.043062,2.570922,-1.53773,52.81257,57.99108,353.7139
75.40074,0.049239,2.570947,-1.538322,52.74727,57.34134,353.2697
75.40884,0.055424,2.570983,-1.538735,52.71925,56.68419,352.7477
75.41623,0.061648,2.570982,-1.538991,52.67983,56.07981,352.2132
75.43406,0.067903,2.570929,-1.539101,52.63178,55.56268,351.6838
75.44202,0.074082,2.570708,-1.539231,52.52238,55.17741,351.222
75.44948,0.080256,2.570443,-1.539261,52.41248,54.93793,350.8965
75.4674,0.086448,2.570269,-1.539141,52.31318,54.75569,350.6815
75.47536,0.092618,2.569936,-1.53898,52.24938,54.58309,350.5458
75.48277,0.09878,2.569607,-1.538392,52.20362,54.45782,350.4593
75.49081,0.104817,2.569162,-1.537911,52.13274,54.29262,350.3457
75.50201,0.11072,2.568367,-1.537165,52.05029,54.19235,350.2372
75.51307,0.1166,2.56763,-1.536249,51.99563,54.04372,350.0638
75.53408,0.122427,2.566876,-1.535111,51.99103,53.95897,349.9016
75.54588,0.128407,2.566242,-1.533843,52.04188,53.8742,349.7121
75.55369,0.134496,2.56551,-1.532186,52.06989,53.89069,349.5433
75.56104,0.14042,2.564679,-1.530653,52.06305,53.94936,349.4276
75.57842,0.146452,2.563704,-1.528641,52.05746,54.05503,349.3348
75.58646,0.152406,2.562814,-1.526627,52.04971,54.1129,349.2548
75.59385,0.158522,2.561884,-1.524328,52.0624,54.17802,349.2025
75.61177,0.164597,2.560984,-1.522089,52.10332,54.24149,349.1595
75.61995,0.170818,2.560166,-1.519699,52.15043,54.29133,349.1374
75.62735,0.177174,2.559395,-1.516816,52.18107,54.39677,349.183
75.63522,0.183546,2.558582,-1.513885,52.17048,54.56538,349.2832
75.64636,0.190076,2.557703,-1.5106,52.10586,54.72993,349.3566
75.66751,0.196643,2.556783,-1.507219,52.03118,54.91063,349.4064
75.67567,0.203399,2.555801,-1.5035,51.91357,55.0993,349.4481
75.68317,0.210229,2.554773,-1.499692,51.79038,55.30523,349.5057
75.69092,0.217151,2.553586,-1.495571,51.66026,55.5359,349.5766
75.70238,0.224051,2.552296,-1.491466,51.55973,55.73607,349.6452
75.71314,0.231044,2.550872,-1.48709,51.51207,55.96384,349.7718
75.72419,0.237822,2.549366,-1.482905,51.52261,56.09952,349.8572
75.73544,0.244683,2.548034,-1.47855,51.56821,56.21724,349.9556
75.74644,0.251416,2.546565,-1.473908,51.61758,56.33068,350.0524
75.75761,0.258479,2.545047,-1.468959,51.63633,56.47625,350.1305
75.76874,0.265615,2.543557,-1.463854,51.61706,56.68444,350.1984
75.78952,0.272939,2.542046,-1.458549,51.57836,56.91971,350.1989
75.79758,0.280449,2.540546,-1.452861,51.50688,57.28153,350.285
75.80507,0.287953,2.539136,-1.447148,51.44268,57.63216,350.3409
75.82291,0.295761,2.537726,-1.441052,51.35072,58.06987,350.4573
75.83124,0.303518,2.536416,-1.43496,51.23471,58.51715,350.6093
75.83873,0.311583,2.535309,-1.428615,51.10811,59.01884,350.8006
75.84659,0.319877,2.534281,-1.42217,50.95502,59.57689,350.9975
75.86735,0.32826,2.533431,-1.415781,50.74477,60.17009,351.1955
75.87568,0.336974,2.532865,-1.409205,50.56293,60.8004,351.4111
75.88321,0.345887,2.532974,-1.402709,50.45274,61.48474,351.6387
75.89101,0.355079,2.533542,-1.396068,50.49073,62.17178,351.8013
75.90202,0.364338,2.534529,-1.389533,50.61573,62.89026,351.9703
75.91306,0.373743,2.53608,-1.383136,50.85083,63.61423,352.1357
75.92428,0.383077,2.537766,-1.376799,51.10222,64.36037,352.2676
75.93528,0.39246,2.540036,-1.370656,51.45268,65.14953,352.35
75.94651,0.401639,2.542449,-1.364803,51.82413,65.94727,352.4333
75.96732,0.410576,2.545005,-1.359239,52.16559,66.78738,352.5961
75.97528,0.419141,2.547557,-1.353855,52.48034,67.66547,352.8423
75.98273,0.427596,2.550131,-1.348583,52.72788,68.52776,353.1274
76.00054,0.435909,2.552437,-1.343299,52.86187,69.39883,353.355
76.01336,0.449087,2.55825,-1.335107,52.57592,71.28403,353.7088
76.02405,0.461242,2.567297,-1.32836,52.07835,72.30382,353.9964
76.03519,0.469889,2.568433,-1.322872,51.46417,73.23793,354.2174
76.04633,0.478259,2.569479,-1.317617,50.96899,74.12614,354.5234
76.05748,0.486208,2.5706,-1.312839,50.69078,74.97459,354.8763
76.06874,0.493816,2.57135,-1.308195,50.63403,75.72234,355.2749
76.0796,0.500862,2.571809,-1.303692,50.78627,76.38251,355.7365
76.09079,0.507454,2.572174,-1.299665,51.11416,76.98837,356.2698
76.11172,0.513771,2.572369,-1.295524,51.59826,77.56135,356.8555
76.11993,0.520098,2.572482,-1.291512,52.01481,78.10765,357.3683
76.12734,0.526055,2.572516,-1.287817,52.36417,78.61971,357.9168
76.13529,0.532015,2.57246,-1.284096,52.66769,79.07682,358.3923
76.14634,0.537853,2.572598,-1.280676,53.02026,79.45587,358.7953
76.16724,0.543652,2.572832,-1.277226,53.4631,79.75335,359.1428
76.17924,0.549484,2.573127,-1.273933,53.92553,79.98226,359.4929
76.18722,0.555241,2.573358,-1.270859,54.35844,80.12862,359.7974
76.19458,0.560898,2.573664,-1.268109,54.72635,80.24379,0.076642
76.2023,0.56676,2.57384,-1.265309,54.98767,80.38422,0.354316
76.21289,0.572806,2.573982,-1.262673,55.13669,80.50665,0.618982
76.22394,0.579153,2.574133,-1.260222,55.13136,80.60646,0.835003
76.23508,0.585669,2.574354,-1.257773,55.09196,80.71506,1.063008
76.24616,0.592513,2.574504,-1.255563,54.93028,80.78135,1.220104
76.26711,0.599339,2.574517,-1.25347,54.74546,80.82174,1.356316
76.27526,0.606158,2.574449,-1.251555,54.55569,80.92277,1.506021
76.28275,0.613003,2.574142,-1.249871,54.41416,81.04813,1.686831
76.30038,0.619897,2.573715,-1.248507,54.32971,81.17293,1.916772
76.30851,0.626758,2.57322,-1.247063,54.29474,81.27921,2.165232
76.31593,0.633603,2.572515,-1.245981,54.25511,81.31682,2.378012
76.33385,0.640335,2.57168,-1.244867,54.22456,81.34983,2.578825
76.34579,0.647104,2.570584,-1.243904,54.20697,81.32945,2.719498
76.35361,0.65388,2.569332,-1.243118,54.17036,81.27542,2.80243
76.36118,0.660621,2.567989,-1.242386,54.11295,81.23214,2.897692
76.36898,0.667621,2.566473,-1.241941,54.03078,81.22137,3.053926
76.37948,0.674764,2.565158,-1.241517,53.97468,81.24043,3.258149
76.39047,0.682222,2.563866,-1.241269,53.92053,81.26347,3.549937
76.40163,0.689752,2.562564,-1.240963,53.8653,81.26455,3.861499
76.42254,0.697427,2.561078,-1.240915,53.72923,81.17786,4.159736
76.43061,0.705023,2.559561,-1.240778,53.55767,81.02998,4.415594
76.43803,0.712587,2.557899,-1.240866,53.30792,80.72314,4.599031
76.45588,0.720134,2.556212,-1.241017,53.09498,80.38573,4.766164
76.46395,0.727832,2.554469,-1.241282,52.93948,79.91268,4.906545
76.47149,0.735414,2.55291,-1.241705,52.83552,79.42146,5.057252
76.47942,0.742986,2.55148,-1.242395,52.7569,78.83635,5.228111
76.49139,0.750857,2.550032,-1.242858,52.69919,78.19052,5.371795
76.5115,0.75877,2.548818,-1.243426,52.56142,77.43333,5.467083
76.51965,0.766715,2.547729,-1.243849,52.3606,76.57969,5.519816
76.527,0.774874,2.546728,-1.244279,52.08139,75.62609,5.548809
76.53496,0.783294,2.546107,-1.244736,51.74543,74.45329,5.519948
76.54606,0.79203,2.545912,-1.244992,51.49522,73.22617,5.534928
76.55714,0.801271,2.54641,-1.245242,51.41268,71.75671,5.4967
76.5684,0.810487,2.547392,-1.245609,51.44851,70.19266,5.449527
76.57941,0.817199,2.548311,-1.245945,51.51363,68.95664,5.458875
76.59069,0.82821,2.549568,-1.246549,51.60639,67.00646,5.43996
76.61165,0.836735,2.551099,-1.246873,51.86629,65.40438,5.295933
76.61982,0.845068,2.552797,-1.247094,52.24612,63.8541,5.039867
76.62738,0.853012,2.554837,-1.247274,52.68574,62.2864,4.637108
76.64529,0.860558,2.556673,-1.247256,52.98875,60.77343,4.163285
76.65737,0.875219,2.5595,-1.246712,52.98433,57.7627,3.029818
76.6685,0.882606,2.560682,-1.246032,52.78399,56.33915,2.52946
76.68925,0.889865,2.561787,-1.245138,52.44608,55.02015,2.142436
76.69751,0.897241,2.563135,-1.243943,52.21065,53.71586,1.839783
76.70511,0.904321,2.564449,-1.242406,52.11949,52.47657,1.612655
76.7225,0.910982,2.566033,-1.240958,52.225,51.21358,1.379153
76.73077,0.917261,2.567495,-1.239369,52.37351,49.99002,1.16925
76.73835,0.923331,2.56875,-1.237841,52.54338,48.78251,0.987161
76.75587,0.928909,2.569829,-1.236283,52.67633,47.64325,0.833353
76.76422,0.934575,2.570899,-1.234604,52.80192,46.58744,0.713106
76.77172,0.940128,2.572026,-1.232624,52.90989,45.6786,0.685023
76.77977,0.945733,2.573198,-1.230537,52.93764,44.76894,0.644615
76.79095,0.951406,2.57429,-1.228099,52.90401,43.91698,0.615004
76.8017,0.956967,2.575278,-1.225502,52.81303,43.06749,0.591478
76.81371,0.962485,2.576103,-1.222868,52.74676,42.17039,0.517223
76.82471,0.96764,2.576772,-1.219969,52.71638,41.31807,0.395738
76.83493,0.972702,2.577337,-1.217026,52.72487,40.45044,0.223085
76.84602,0.977524,2.57754,-1.213956,52.74675,39.66319,0.083866
76.86715,0.98233,2.577713,-1.210906,52.77351,38.93383,359.9571
76.87533,0.987024,2.577572,-1.207714,52.80636,38.2466,359.837
76.88279,0.991634,2.577501,-1.204496,52.86045,37.58067,359.7225
76.89066,0.99607,2.577188,-1.200905,52.93623,36.98167,359.6127
76.90161,1.000452,2.576845,-1.197242,53.03949,36.33584,359.4583
76.91375,1.00469,2.576343,-1.193338,53.14558,35.65798,359.2617
76.93358,1.008874,2.575737,-1.189221,53.21238,34.95992,359.0801
76.94164,1.013123,2.575012,-1.184855,53.25538,34.29507,358.8971
76.94923,1.01737,2.574379,-1.180294,53.29954,33.65763,358.7386
76.96698,1.021727,2.573597,-1.175528,53.29408,33.13198,358.6766
76.97896,1.026018,2.572692,-1.170505,53.26406,32.65567,358.63
76.98687,1.030243,2.571796,-1.165472,53.2264,32.22535,358.6232
76.99446,1.034355,2.570808,-1.1602,53.2207,31.85067,358.6576
77.00229,1.038357,2.569759,-1.154842,53.23305,31.45454,358.633
77.01262,1.042313,2.56864,-1.149478,53.23769,31.0644,358.6093
77.02384,1.046224,2.567517,-1.143754,53.19291,30.72762,358.5871
77.04463,1.050271,2.566324,-1.137735,53.09086,30.4536,358.6005
77.05289,1.054214,2.565137,-1.131563,52.96088,30.23437,358.598
77.06087,1.058146,2.563895,-1.124957,52.75219,30.17512,358.6981
77.07803,1.062186,2.562666,-1.118335,52.5489,30.12058,358.8015
77.0864,1.066061,2.561455,-1.111292,52.32446,30.16806,358.9477
77.09386,1.069811,2.560224,-1.104182,52.14621,30.22769,359.1325
77.11131,1.07339,2.558931,-1.096956,51.9333,30.2772,359.3204
77.11972,1.076894,2.557418,-1.08939,51.69382,30.35226,359.5352
77.13126,1.080408,2.555927,-1.08182,51.45853,30.37126,359.722
77.13929,1.083751,2.554492,-1.074111,51.2164,30.45423,359.9323
77.15579,1.087118,2.553086,-1.066141,50.94667,30.56252,0.155277
77.16409,1.090428,2.551666,-1.058015,50.59518,30.65053,0.34261
77.17179,1.093834,2.550597,-1.049755,50.27287,30.7261,0.546428
77.18076,1.097355,2.550134,-1.040968,50.04211,30.7255,0.712115
77.19044,1.100952,2.550104,-1.031978,49.94479,30.71231,0.859486
77.20153,1.10459,2.550556,-1.022787,49.84282,30.60195,0.954923
77.21276,1.108205,2.550958,-1.013938,49.57169,30.44997,1.081154
77.22374,1.111891,2.551752,-1.004741,49.31572,30.28325,1.297325
77.23487,1.115627,2.553172,-0.995422,49.27717,30.163,1.432424
77.24595,1.119474,2.555695,-0.985844,49.59571,30.02056,1.494468
77.26706,1.123097,2.558634,-0.976636,49.97825,29.86287,1.581318
77.27549,1.126555,2.561471,-0.967584,50.34999,29.60135,1.542644
77.28713,1.129621,2.564355,-0.95873,50.57265,29.20394,1.386442
77.29507,1.132691,2.567029,-0.94987,50.64162,28.84983,1.20215
77.30313,1.13578,2.569643,-0.941163,50.49406,28.41005,0.894492
77.31268,1.138974,2.572159,-0.932568,50.23788,28.08849,0.671207
77.32388,1.14236,2.574686,-0.924032,49.83504,27.78334,0.537631
77.34476,1.145914,2.577109,-0.91523,49.34298,27.47806,0.437594
77.35334,1.149472,2.579342,-0.906349,48.74019,27.25873,0.383262
77.36114,1.152937,2.581469,-0.897593,48.16011,27.09635,0.310677
77.36926,1.156412,2.583185,-0.888862,47.59106,26.94805,0.149359
77.37946,1.159541,2.584696,-0.880291,47.17051,26.79319,359.9553
77.39053,1.162643,2.586056,-0.872237,46.93277,26.67025,359.7746
77.40164,1.165309,2.586792,-0.864596,46.83294,26.63083,359.5827
77.41272,1.167663,2.587246,-0.857157,46.8881,26.66743,359.4241
77.42386,1.17001,2.587665,-0.849928,46.98499,26.71936,359.3285
77.43509,1.172243,2.588017,-0.842848,47.21538,26.7646,359.298
77.44699,1.174576,2.588323,-0.836029,47.6721,26.78313,359.3557
77.45718,1.176823,2.588786,-0.829238,48.11119,26.71923,359.4592
77.46836,1.179009,2.589022,-0.822575,48.48022,26.66897,359.672
77.48908,1.181069,2.589256,-0.815882,48.7334,26.64317,359.8719
77.49746,1.183056,2.589301,-0.809171,48.99658,26.6721,0.050556
77.50526,1.184962,2.589443,-0.802603,49.26529,26.7299,0.12428
77.5134,1.186766,2.589667,-0.795887,49.56746,26.82697,0.159212
77.52363,1.188462,2.589817,-0.789167,49.79325,26.92166,0.098155
77.53476,1.190152,2.590081,-0.782379,49.92999,26.9729,359.9331
77.54583,1.191898,2.590372,-0.775525,50.00065,27.0384,359.8069
77.55695,1.193718,2.590506,-0.768768,49.99271,27.11942,359.7662
77.56815,1.195599,2.590572,-0.762078,50.00025,27.23726,359.8229
77.57935,1.197471,2.590508,-0.755443,50.0012,27.42763,0.057195
77.5903,1.199434,2.590278,-0.748864,49.98325,27.65151,0.433262
77.60212,1.201421,2.589984,-0.742269,49.97645,27.86024,0.802124
77.61249,1.203461,2.589494,-0.735802,49.9532,28.07784,1.192584
77.63326,1.205505,2.588963,-0.729368,49.95985,28.24973,1.488095
77.64116,1.20753,2.588324,-0.723193,50.04359,28.34083,1.741955
77.649,1.209677,2.587765,-0.716785,50.20194,28.42555,1.982411
77.65685,1.212062,2.587111,-0.710412,50.38316,28.46046,2.180599
77.66808,1.214472,2.586293,-0.704117,50.51822,28.49737,2.389033
77.67895,1.217086,2.585181,-0.697777,50.60021,28.48508,2.627053
77.69989,1.219765,2.583941,-0.691474,50.6474,28.44549,2.836469
77.70789,1.222571,2.582673,-0.685035,50.72769,28.37363,3.061791
77.71584,1.225539,2.581327,-0.678631,50.78373,28.30875,3.282601
77.73314,1.228559,2.579998,-0.672096,50.85878,28.24001,3.43899
77.74112,1.231839,2.578656,-0.6654,50.91351,28.16461,3.631078
77.75309,1.235252,2.577244,-0.658729,50.94851,28.03412,3.756763
77.76104,1.238728,2.575693,-0.652053,50.94516,27.8335,3.80704
77.76907,1.242318,2.57404,-0.645321,50.93436,27.61307,3.882244
77.77913,1.246026,2.572221,-0.638614,50.94406,27.33314,3.874979
77.7901,1.24981,2.570255,-0.631923,50.92662,27.06055,3.84133
77.81098,1.253948,2.568176,-0.625383,50.90569,26.79746,3.859684
77.81886,1.258086,2.56611,-0.618602,50.87358,26.52868,3.869391
77.83685,1.267258,2.561959,-0.604839,50.86354,26.01881,4.054582
77.8454,1.272267,2.559812,-0.597829,50.84181,25.69122,4.207231
77.85665,1.277287,2.557624,-0.590764,50.77781,25.32388,4.332441
77.86805,1.282664,2.555368,-0.583558,50.70758,24.85178,4.394892
77.87886,1.288098,2.55306,-0.576149,50.63103,24.37722,4.419718
77.89999,1.293798,2.550802,-0.568603,50.50492,23.83406,4.352845
77.91187,1.299652,2.548428,-0.560746,50.3707,23.33782,4.23667
77.9201,1.305504,2.546342,-0.552905,50.29494,22.8764,4.124158
77.9278,1.311613,2.544483,-0.5448,50.27396,22.41474,3.956672
77.94421,1.317732,2.54275,-0.536492,50.27851,21.92266,3.787936
77.95233,1.324019,2.541254,-0.528019,50.24825,21.37563,3.579962
77.96024,1.330404,2.539965,-0.519319,50.1533,20.78414,3.385676
77.97768,1.336876,2.538949,-0.510306,49.97506,20.13206,3.166127
77.98557,1.343306,2.537989,-0.501113,49.74257,19.46345,3.003079
77.99349,1.349728,2.537301,-0.491656,49.39824,18.73806,2.891711
78.00146,1.356139,2.537084,-0.481898,49.11783,18.02247,2.846501
78.01223,1.362591,2.53797,-0.471602,48.98294,17.23513,2.823666
78.02333,1.368942,2.539393,-0.461178,49.02106,16.37591,2.777935
78.0442,1.37491,2.541235,-0.450945,49.10034,15.38999,2.703555
78.0523,1.380623,2.542883,-0.441011,49.04847,14.43032,2.746478
78.06422,1.386164,2.545273,-0.431101,49.06258,13.37315,2.819562
78.07757,1.391476,2.548968,-0.420444,49.4865,12.13413,2.849853
78.08556,1.396555,2.55266,-0.410096,49.97842,10.75037,2.680102
78.09327,1.401278,2.556131,-0.400422,50.15482,9.194412,2.502272
78.11076,1.405774,2.558968,-0.390697,49.99057,7.726588,2.508833
78.11861,1.409638,2.561587,-0.380962,49.72394,6.156061,2.254516
78.12628,1.413201,2.564479,-0.371268,49.54921,4.52983,1.696738
78.14393,1.416361,2.567336,-0.361609,49.30524,2.929122,1.224009
78.15164,1.419305,2.569787,-0.352162,48.93716,1.19791,0.636485
78.1593,1.421757,2.57195,-0.342867,48.56668,359.3878,359.9522
78.16743,1.423896,2.574105,-0.333687,48.34,357.6393,359.2961
78.17861,1.425571,2.576226,-0.324628,48.19154,355.8709,358.5828
78.1896,1.427044,2.578121,-0.315942,48.09657,354.079,357.9354
78.20077,1.428225,2.579943,-0.307733,48.18224,352.2441,357.3283
78.22179,1.429385,2.581803,-0.299647,48.34572,350.3647,356.7255
78.23324,1.429957,2.583496,-0.291878,48.51273,348.4598,356.1228
78.24081,1.430174,2.584857,-0.284256,48.56658,346.5658,355.5125
78.24818,1.43045,2.586159,-0.27664,48.52599,344.7136,354.9113
78.26582,1.430543,2.587282,-0.269406,48.46734,342.8763,354.3036
78.27332,1.430523,2.588419,-0.262211,48.44514,341.018,353.7341
78.28067,1.430205,2.589436,-0.255244,48.47133,339.1882,353.1858
78.28945,1.429883,2.590394,-0.248233,48.49316,337.381,352.6174
78.30065,1.42952,2.591162,-0.241467,48.46732,335.6968,352.0316
78.3215,1.429092,2.5917,-0.234817,48.39909,334.1653,351.5115
78.32885,1.428709,2.592226,-0.227949,48.39284,332.7997,351.0406
78.33627,1.428149,2.592846,-0.221298,48.42365,331.6506,350.7034
78.34479,1.42768,2.593426,-0.214619,48.47926,330.6361,350.4704
78.35602,1.427169,2.593821,-0.208085,48.54217,329.8976,350.3572
78.37682,1.426605,2.594153,-0.201484,48.59003,329.2556,350.2916
78.3882,1.426097,2.594182,-0.194769,48.65681,328.8214,350.3055
78.39539,1.425698,2.594086,-0.188174,48.71052,328.4106,350.3027
78.40258,1.425058,2.593992,-0.181612,48.8077,328.1003,350.2727
78.41137,1.424352,2.593945,-0.175229,48.9015,327.8267,350.2504
78.42262,1.423537,2.59369,-0.168781,49.00198,327.7357,350.3174
78.44309,1.422806,2.593471,-0.162526,49.10916,327.6316,350.3822
78.45043,1.422026,2.592947,-0.156048,49.27824,327.6223,350.5436
78.45765,1.421104,2.59244,-0.149784,49.47937,327.6432,350.7592
78.47643,1.419999,2.591883,-0.143279,49.67574,327.6859,350.9918
78.4837,1.418774,2.591338,-0.136906,49.84393,327.7191,351.1826
78.49091,1.417348,2.590669,-0.130504,49.98873,327.8038,351.3631
78.50014,1.415841,2.58989,-0.124043,50.10192,327.8782,351.5099
78.51134,1.414116,2.589022,-0.117599,50.18931,327.9382,351.6101
78.52239,1.412228,2.587924,-0.111044,50.25633,328.0116,351.6672
78.53367,1.410271,2.586766,-0.104651,50.32204,328.1171,351.752
78.54478,1.408155,2.585565,-0.098247,50.3894,328.2343,351.8459
78.5558,1.405922,2.584377,-0.091789,50.48395,328.3864,351.9597
78.56682,1.403462,2.583243,-0.085195,50.6113,328.5449,352.059
78.57793,1.400716,2.582098,-0.078586,50.72606,328.6823,352.1151
78.58913,1.397896,2.580751,-0.071988,50.82283,328.8986,352.2028
78.60011,1.394842,2.579284,-0.065187,50.90842,329.1202,352.2431
78.62115,1.391657,2.577738,-0.058617,50.95582,329.3934,352.3169
78.62834,1.388436,2.576158,-0.052084,50.98475,329.7108,352.436
78.63554,1.384863,2.574465,-0.045373,51.01236,330.0471,352.5705
78.64446,1.381304,2.57284,-0.038664,51.05761,330.3625,352.7088
78.66512,1.377401,2.571151,-0.031861,51.10645,330.6803,352.819
78.67241,1.373355,2.569454,-0.024967,51.14865,330.9674,352.904
78.67948,1.369104,2.567685,-0.017955,51.13474,331.2639,352.9853
78.68898,1.36456,2.566081,-0.010802,51.0874,331.5742,353.0739
78.70013,1.359906,2.564292,-0.003329,51.02644,331.9445,353.1621
78.71136,1.35522,2.562645,0.004275,50.99516,332.369,353.2915
78.72241,1.350303,2.560995,0.011865,50.93401,332.8955,353.5081
78.74303,1.345116,2.559374,0.019728,50.8803,333.5212,353.7654
78.75032,1.339827,2.557732,0.027573,50.81422,334.1897,354.0135
78.75762,1.334463,2.556045,0.035589,50.72717,334.9052,354.195
78.77654,1.328969,2.55453,0.043633,50.60292,335.6386,354.3336
78.78417,1.323209,2.553013,0.051978,50.42057,336.479,354.4451
78.79163,1.317449,2.551565,0.060169,50.23774,337.3712,354.5082
78.80997,1.311632,2.549998,0.068408,50.00903,338.4124,354.5718
78.81754,1.305899,2.548623,0.07672,49.76318,339.4806,354.68
78.82504,1.300155,2.547804,0.085395,49.66076,340.7557,354.8879
78.83364,1.294674,2.547523,0.09422,49.76376,341.9727,355.0608
78.84476,1.289402,2.547898,0.103217,50.04878,343.2807,355.2578
78.85623,1.284221,2.548388,0.112104,50.33276,344.6005,355.4973
78.8671,1.279206,2.548907,0.12079,50.54659,345.9484,355.7072
78.88798,1.274462,2.549604,0.129216,50.78161,347.3522,355.93
78.89906,1.270138,2.550626,0.137584,51.03887,348.8412,356.187
78.90701,1.26582,2.551991,0.145962,51.32583,350.3823,356.5913
78.91473,1.261792,2.553654,0.154117,51.65995,351.937,357.1284
78.93225,1.258023,2.555275,0.162097,51.90113,353.4035,357.7093
78.93986,1.254364,2.556399,0.169859,51.90151,354.7965,358.3245
78.9474,1.250933,2.556961,0.177357,51.60837,356.0728,358.9616
78.95576,1.247589,2.557348,0.184798,51.33617,357.2654,359.4823
78.96706,1.244466,2.557837,0.192035,51.15968,358.3327,359.9505
78.97807,1.241489,2.558677,0.199474,51.19344,359.3074,0.432889
78.98923,1.23875,2.559527,0.206422,51.40178,0.202482,0.903982
79.00034,1.236039,2.560373,0.213119,51.76711,1.085653,1.36462
79.01201,1.233353,2.561088,0.219378,52.20372,1.967782,1.802296
79.02259,1.23081,2.56152,0.225214,52.6517,2.828704,2.210456
79.03354,1.228509,2.561941,0.230908,53.119,3.570324,2.522034
79.04462,1.226279,2.562446,0.236399,53.53009,4.274325,2.86288
79.06554,1.224073,2.562998,0.242249,53.85207,4.91973,3.193399
79.07322,1.222059,2.56359,0.24809,54.06839,5.518594,3.541617
79.08051,1.220197,2.564119,0.254184,54.18375,6.092361,3.871305
79.09882,1.2185,2.564544,0.260262,54.20247,6.61027,4.195735
79.10635,1.21697,2.564962,0.266356,54.1899,7.038583,4.535609
79.11386,1.215637,2.565314,0.272309,54.24167,7.424628,4.90439
79.12231,1.214386,2.565656,0.278242,54.3334,7.698102,5.239481
79.14337,1.213319,2.565849,0.284149,54.43887,7.873494,5.474486
79.15081,1.212368,2.565907,0.289973,54.52285,8.056638,5.668262
79.162,1.211609,2.565822,0.29578,54.57504,8.162392,5.789359
79.1694,1.211036,2.565614,0.301556,54.64082,8.277871,5.895223
79.17786,1.210752,2.56541,0.307463,54.76698,8.358705,5.998753
79.18892,1.210638,2.565144,0.31317,54.91073,8.425521,6.108457
79.20986,1.210721,2.564772,0.318911,55.06676,8.442564,6.207658
79.21729,1.210838,2.564342,0.324542,55.22672,8.458304,6.292076
79.22476,1.211364,2.563864,0.330168,55.39205,8.410411,6.330582
79.23321,1.211915,2.56332,0.335779,55.53162,8.348347,6.357147
79.24457,1.212734,2.562759,0.341493,55.62413,8.289939,6.378549
79.26548,1.213712,2.562192,0.347469,55.63403,8.187324,6.405448
79.27296,1.214786,2.561636,0.353467,55.59386,8.087668,6.428937
79.28038,1.216161,2.560988,0.359774,55.47682,7.962652,6.502561
79.29871,1.217816,2.560244,0.365984,55.31533,7.794056,6.560568
79.30628,1.219514,2.559395,0.372233,55.12923,7.570248,6.62116
79.32142,1.221369,2.558441,0.37848,54.9507,7.223701,6.631604
79.32886,1.223464,2.55744,0.38466,54.83003,6.782542,6.604926
79.33619,1.225676,2.556371,0.390775,54.76019,6.251331,6.512055
79.35426,1.228264,2.555268,0.396808,54.73386,5.610943,6.344894
79.36169,1.230848,2.554135,0.402754,54.73672,5.014781,6.22382
79.36911,1.233647,2.55299,0.408666,54.70749,4.461598,6.109932
79.37763,1.236606,2.551883,0.414565,54.6256,3.861891,6.025746
79.38886,1.239626,2.550769,0.420551,54.47523,3.258712,5.972049
79.39986,1.242798,2.54976,0.42676,54.25714,2.489114,5.83096
79.41097,1.245982,2.549031,0.433144,54.06041,1.614233,5.601501
79.42217,1.249078,2.548766,0.439955,53.8989,0.596666,5.292436
79.43314,1.252164,2.548572,0.446799,53.73521,359.4886,4.930387
79.44431,1.255208,2.548665,0.453781,53.52243,358.255,4.529045
79.46535,1.258212,2.549035,0.460851,53.36819,357.0545,4.210923
79.47688,1.261346,2.550282,0.468234,53.4668,355.7772,3.883888
79.48421,1.264362,2.551933,0.475679,53.74539,354.4857,3.463297
79.49141,1.267337,2.553538,0.482656,54.03337,353.1528,2.973078
79.49963,1.270201,2.554896,0.489193,54.15428,351.8215,2.495521
79.51074,1.272838,2.556159,0.495629,54.22915,350.5031,1.965902
79.53168,1.275277,2.557724,0.502182,54.41121,349.2345,1.338072
79.53917,1.277605,2.55971,0.508726,54.65782,347.9484,0.690506
79.54615,1.279926,2.561629,0.51523,54.73989,346.7042,0.208876
79.555,1.282234,2.563254,0.521653,54.71621,345.4897,359.8325
79.56608,1.284353,2.564698,0.527844,54.53641,344.3733,359.6139
79.58715,1.286442,2.565834,0.534065,54.28711,343.2978,359.3983
79.59445,1.288281,2.566699,0.540181,53.91782,342.3134,359.2564
79.60126,1.290023,2.567651,0.546338,53.59898,341.4027,359.1771
79.61049,1.291697,2.568567,0.552338,53.3941,340.4601,359.0112
79.6217,1.293273,2.569498,0.558233,53.32339,339.511,358.7737
79.63269,1.294356,2.570335,0.56385,53.31829,338.6268,358.5141
79.6439,1.295393,2.570956,0.56927,53.32933,337.7944,358.2017
79.65503,1.296291,2.571278,0.574312,53.38431,337.063,357.8703
79.66604,1.297149,2.571543,0.579192,53.4801,336.3807,357.5611
79.67712,1.297917,2.571894,0.58408,53.62553,335.7602,357.3275
79.68823,1.298668,2.572135,0.588719,53.80708,335.219,357.1685
79.69927,1.299101,2.572539,0.593685,53.95892,334.7111,357.0831
79.71034,1.299415,2.572897,0.598486,54.09737,334.215,357.0882
79.72153,1.299604,2.573623,0.602941,54.28881,333.6316,357.0244
79.73257,1.29968,2.574131,0.607674,54.50043,333.0302,356.9436
79.74384,1.299625,2.574407,0.612429,54.67104,332.4333,356.8468
79.75478,1.299246,2.574752,0.617055,54.79071,331.8613,356.7505
79.76596,1.29883,2.57489,0.621915,54.83596,331.3293,356.6432
79.77708,1.298138,2.575212,0.626681,54.80515,330.8787,356.5594
79.78821,1.297344,2.575652,0.631303,54.77411,330.4659,356.4661
79.79922,1.296277,2.575984,0.636164,54.67156,330.0927,356.3906
79.81032,1.29558,2.575818,0.640612,54.55093,329.7574,356.3254
79.82146,1.294305,2.576129,0.645282,54.48981,329.434,356.2258
79.83263,1.292644,2.576194,0.650526,54.35241,329.0881,356.0995
79.84379,1.29094,2.576221,0.655323,54.23543,328.7347,355.9825
79.85471,1.289182,2.576154,0.660253,54.13252,328.3479,355.8359
79.86597,1.287261,2.576027,0.665097,54.04932,327.9944,355.6984
79.87705,1.285157,2.575895,0.669777,54.00033,327.7255,355.57
79.8881,1.283131,2.575522,0.674654,53.94561,327.4368,355.4267
79.89917,1.280724,2.575112,0.679524,53.90712,327.2363,355.34
79.91028,1.278092,2.57478,0.684535,53.89689,327.0672,355.2718
79.9214,1.275371,2.574297,0.689507,53.87281,326.9096,355.1949
79.93255,1.27256,2.573804,0.694465,53.86593,326.7701,355.1511
79.9436,1.269462,2.573184,0.699686,53.79703,326.6725,355.119
79.95474,1.266068,2.572366,0.705091,53.70456,326.6807,355.1361
79.96577,1.262534,2.571458,0.710285,53.5737,326.7111,355.1694
79.97704,1.258699,2.570489,0.715913,53.44008,326.8597,355.2845
79.98814,1.254795,2.569413,0.721523,53.27907,327.001,355.393
79.99915,1.250512,2.568368,0.727519,53.12234,327.227,355.5389
80.0103,1.246216,2.567328,0.733361,52.97281,327.4396,355.7276
80.02142,1.241534,2.566114,0.739376,52.83982,327.7017,355.906
80.03249,1.236695,2.56478,0.745373,52.69802,327.9483,356.0447
80.04373,1.231615,2.563291,0.751439,52.53714,328.3336,356.2532
80.05478,1.226508,2.561625,0.757549,52.40139,328.7398,356.4445
80.0663,1.221091,2.559978,0.76367,52.31416,329.2265,356.6234
80.07777,1.215493,2.558393,0.769889,52.24628,329.8101,356.8943
80.08945,1.209724,2.556982,0.77625,52.16205,330.3966,357.2009
80.10933,1.203735,2.555377,0.782631,52.03238,331.0681,357.6001
80.11658,1.197478,2.553926,0.789295,51.8469,331.7191,358.0006
80.12373,1.190898,2.552365,0.796015,51.54024,332.4112,358.4061
80.14254,1.18417,2.550973,0.80282,51.20972,333.0841,358.7676
80.15375,1.177183,2.549507,0.809837,50.76893,333.8413,359.1158
80.16106,1.17026,2.548125,0.816923,50.36081,334.6177,359.4026
80.16836,1.163419,2.547115,0.824139,50.05556,335.456,359.7166
80.18716,1.156271,2.546619,0.831661,49.89906,336.3539,0.074598
80.19457,1.149014,2.546803,0.839528,49.9329,337.2217,0.343097
80.20185,1.141694,2.547195,0.847522,49.92615,338.0062,0.542929
80.21059,1.134385,2.547848,0.855365,49.85823,338.7236,0.608778
80.22182,1.127146,2.548302,0.863155,49.68071,339.394,0.566956
80.23288,1.119957,2.549182,0.870732,49.60807,340.0745,0.462843
80.24402,1.112948,2.551036,0.878333,49.84737,340.7704,0.467794
80.25513,1.106184,2.553881,0.885998,50.52843,341.5259,0.559115
80.26612,1.09973,2.556543,0.893224,51.13742,342.2116,0.666145
80.27718,1.093585,2.559099,0.900096,51.47823,342.9463,1.009086
80.2884,1.087634,2.561186,0.906906,51.49351,343.6276,1.45007
80.29944,1.081721,2.56302,0.913775,51.37303,344.2589,1.747925
80.31071,1.076039,2.564995,0.920499,51.0938,344.8333,2.040243
80.33154,1.070364,2.56695,0.9277,50.72754,345.3197,2.410623
80.33921,1.064924,2.569068,0.935367,50.33776,345.6366,2.811424
80.34655,1.059537,2.571321,0.942968,50.13131,345.9328,3.132213
80.355,1.054374,2.573385,0.950253,50.01184,346.2379,3.446988
80.3662,1.049407,2.574859,0.95702,49.86803,346.5763,3.774825
80.38709,1.044954,2.57593,0.963374,49.76843,346.907,4.043186
80.39485,1.040879,2.576969,0.969314,49.91998,347.2515,4.266901
80.40607,1.037092,2.577995,0.974874,50.30242,347.5329,4.414409
80.4133,1.033177,2.57905,0.98067,50.67511,347.8241,4.573446
80.42165,1.029547,2.579741,0.986266,51.01801,348.1602,4.680002
80.43273,1.025899,2.580466,0.991998,51.25086,348.4975,4.757773
80.45358,1.022616,2.580877,0.997628,51.42906,348.8428,4.82545
80.4612,1.019323,2.581294,1.003498,51.57826,349.2218,4.929295
80.46847,1.016214,2.581656,1.009326,51.71824,349.64,5.113235
80.47706,1.013116,2.582047,1.015308,51.83664,350.0414,5.348376
80.49814,1.010307,2.582149,1.021305,51.88885,350.4369,5.658926
80.50569,1.007578,2.582282,1.027116,51.93521,350.8281,5.998099
80.51295,1.005199,2.582199,1.032893,51.99743,351.2003,6.332144
80.52149,1.002742,2.582206,1.038882,52.1028,351.5094,6.605123
80.54246,1.000332,2.582184,1.04493,52.19191,351.7848,6.804472
80.55002,0.997922,2.582345,1.050927,52.28306,352.0909,7.022344
80.56113,0.995639,2.582218,1.05715,52.27315,352.3551,7.185675
80.56827,0.993656,2.581804,1.063597,52.18868,352.6351,7.349
80.577,0.991727,2.581577,1.070103,52.10924,352.9386,7.603054
80.58824,0.990215,2.58125,1.076749,52.06414,353.2337,7.921372
80.59924,0.988472,2.581218,1.083359,52.0759,353.5094,8.275949
80.61035,0.987255,2.580632,1.089893,52.03352,353.7263,8.65198
80.62166,0.985936,2.58004,1.096784,51.95926,353.8991,8.956741
80.63255,0.984826,2.579441,1.103509,51.89809,354.009,9.159981
80.64382,0.98364,2.578656,1.110484,51.74823,354.07,9.307476
80.66474,0.98258,2.577774,1.118148,51.56561,354.1057,9.404228
80.67236,0.981659,2.576768,1.125334,51.3914,354.0776,9.492433
80.67966,0.980703,2.575876,1.132727,51.31132,353.9978,9.605038
80.68811,0.979956,2.574601,1.140225,51.16823,353.8772,9.717912
80.69925,0.979339,2.573171,1.147849,50.99772,353.66,9.833012
80.72027,0.978873,2.571507,1.155517,50.81715,353.3284,9.930995
80.73164,0.978429,2.569868,1.163342,50.66039,352.9394,9.994623
80.73903,0.977929,2.568081,1.171558,50.53384,352.373,9.966093
80.74636,0.977456,2.566294,1.179649,50.39866,351.7385,9.880975
80.75474,0.977104,2.564356,1.187962,50.27817,350.8919,9.644023
80.76585,0.976637,2.562421,1.196169,50.17382,350.0445,9.402966
80.77704,0.976388,2.560452,1.204564,50.13226,349.049,9.095446
80.78819,0.976171,2.558563,1.212933,50.10767,348.0597,8.851952
80.7993,0.975847,2.5567,1.221374,50.08355,346.945,8.623211
80.81038,0.975567,2.554974,1.229987,50.04366,345.7466,8.383174
80.83134,0.975284,2.553574,1.238665,49.97297,344.3596,8.090402
80.83932,0.974782,2.552325,1.247663,49.87241,342.6888,7.694755
80.84658,0.974196,2.551262,1.256364,49.73934,340.9336,7.251297
80.85471,0.97335,2.550348,1.26563,49.53041,338.8685,6.682451
80.86591,0.972433,2.549582,1.274805,49.30422,336.8144,6.162628
80.87704,0.971229,2.549448,1.284329,49.11125,334.5975,5.655071
80.898,0.969969,2.549513,1.294017,48.99149,332.4481,5.22969
80.90561,0.968664,2.550017,1.303491,48.94725,330.3235,4.854501
80.91286,0.967479,2.550229,1.312845,48.8842,328.2706,4.521875
80.93114,0.966309,2.550493,1.321736,48.82161,326.2829,4.23684
80.93834,0.964917,2.551148,1.330593,48.88134,324.3599,3.920354
80.94554,0.963079,2.553037,1.339654,49.4338,322.5251,3.665293
80.9644,0.961059,2.555528,1.348608,50.18324,320.6561,3.333609
80.97543,0.959377,2.557803,1.356922,50.85722,318.8011,2.893599
80.98254,0.957794,2.55939,1.364779,51.13673,317.0152,2.715409
80.9898,0.95608,2.560202,1.372325,51.18108,315.2705,2.561388
81.00867,0.954245,2.560864,1.379661,51.21076,313.6183,2.250515
81.0157,0.952317,2.561793,1.386711,51.23695,312.0906,2.013118
81.02285,0.950324,2.562794,1.393676,51.2345,310.7404,2.03124
81.03207,0.947899,2.563985,1.40067,51.33336,309.2764,2.015873
81.04313,0.945363,2.565507,1.407249,51.59999,307.9321,1.99944
81.05436,0.942497,2.566879,1.413729,51.89847,306.5947,1.920783
81.06544,0.93972,2.567981,1.419615,52.08659,305.2445,1.72849
81.07652,0.936935,2.568893,1.425354,52.27319,303.9089,1.502563
81.08769,0.934232,2.569858,1.430683,52.55194,302.5941,1.144638
81.0988,0.931562,2.570893,1.435941,52.83772,301.3152,0.792976
81.10984,0.928541,2.571879,1.441116,53.07028,300.1599,0.519997
81.12106,0.925459,2.572838,1.446298,53.24588,299.0114,0.180805
81.13206,0.922197,2.573702,1.451311,53.34109,297.9859,359.8908
81.14315,0.918859,2.574514,1.456363,53.39678,296.939,359.5999
81.15424,0.915586,2.575204,1.461155,53.42101,295.9375,359.3574
81.1654,0.91208,2.575596,1.465687,53.40933,294.9945,359.1502
81.17648,0.908445,2.576051,1.470224,53.42134,294.0616,358.918
81.18767,0.904676,2.576411,1.474425,53.38636,293.2408,358.7339
81.19867,0.90087,2.576626,1.478766,53.34255,292.407,358.5276
81.20981,0.896875,2.576818,1.482924,53.29393,291.6419,358.378
81.221,0.892776,2.576846,1.487013,53.26019,290.9027,358.2555
81.23198,0.888465,2.576802,1.490931,53.21663,290.2581,358.1753
81.24324,0.88424,2.576609,1.494835,53.14471,289.6376,358.0999
81.25426,0.879588,2.576384,1.498732,53.10712,289.1471,358.0732
81.26532,0.874807,2.576056,1.502492,53.02269,288.7208,358.0526
81.27645,0.869742,2.575639,1.506232,52.89073,288.3762,358.0955
81.28761,0.864513,2.575125,1.509821,52.71105,288.0658,358.1178
81.29871,0.859102,2.574489,1.513444,52.52776,287.7774,358.1221
81.30978,0.8534,2.573682,1.516896,52.32635,287.5839,358.1102
81.32097,0.847817,2.572813,1.520184,52.17862,287.4435,358.1306
81.33205,0.841909,2.571857,1.523389,52.06499,287.3299,358.1391
81.34323,0.836085,2.570879,1.526522,51.97596,287.2721,358.1823
81.35424,0.829983,2.569711,1.529455,51.89195,287.3074,358.2779
81.36534,0.823766,2.568686,1.532353,51.77633,287.3847,358.4251
81.37644,0.817145,2.567644,1.535185,51.69796,287.5286,358.6186
81.38758,0.810164,2.56674,1.537988,51.54672,287.6997,358.8385
81.39864,0.802704,2.565969,1.54073,51.33625,287.9871,359.1624
81.40993,0.794944,2.565163,1.543464,51.06093,288.3026,359.5017
81.42104,0.786926,2.564432,1.546155,50.75952,288.6486,359.8252
81.43208,0.7789,2.563699,1.548709,50.4655,289.0361,0.219394
81.44322,0.770356,2.563105,1.55124,50.19651,289.4516,0.623597
81.45447,0.761834,2.562611,1.553578,49.95258,289.8046,1.006585
81.46535,0.753085,2.562191,1.555848,49.7043,290.1524,1.372759
81.47655,0.743983,2.562058,1.557941,49.48935,290.4742,1.697971
81.48831,0.734828,2.562039,1.559849,49.31562,290.7567,1.945973
81.49956,0.725802,2.56208,1.561642,49.19564,290.9805,2.095568
81.51091,0.716827,2.562265,1.563199,49.14557,291.1828,2.191187
81.52215,0.707721,2.562758,1.564613,49.17928,291.4115,2.261436
81.54184,0.698446,2.563703,1.565992,49.30314,291.6885,2.301794
81.54911,0.68911,2.565053,1.567344,49.4651,292.0052,2.353939
81.55621,0.679578,2.566739,1.568705,49.59284,292.3321,2.483802
81.56519,0.669641,2.569202,1.570006,49.79049,292.642,2.607121
81.57637,0.659253,2.572478,1.571355,49.98388,292.8732,2.705058
81.58759,0.649178,2.575525,1.572641,50.07152,293.0051,2.739491
81.60864,0.639309,2.578252,1.573902,49.88905,293.0054,2.742082
81.61599,0.629841,2.580361,1.575264,49.40244,292.9715,2.806958
81.62316,0.620451,2.582044,1.576694,48.8899,292.9665,2.800355
81.63177,0.611175,2.583447,1.578262,48.32832,292.9411,2.726455
81.64295,0.601865,2.584874,1.580008,47.78648,292.9832,2.779867
81.65418,0.592354,2.586361,1.581972,47.34081,293.0057,2.872863
81.66515,0.58287,2.587777,1.584131,47.09861,293.0144,2.9441
81.67632,0.573603,2.589074,1.586254,46.95036,292.9783,2.984343
81.68747,0.564974,2.589864,1.588371,46.86391,292.9317,3.042593
81.69851,0.556511,2.590274,1.590523,46.87054,292.8846,3.078226
81.70958,0.548518,2.590431,1.592802,47.11279,292.8538,3.067371
81.72083,0.540631,2.590816,1.595028,47.45923,292.8692,3.06186
81.7318,0.532684,2.591219,1.597469,48.01078,292.9107,3.080913
81.74302,0.524766,2.591586,1.599916,48.45391,292.9919,3.089033
81.75407,0.516854,2.591862,1.602433,48.86253,293.1375,3.101015
81.76512,0.50919,2.592004,1.604956,49.13839,293.2452,3.110933
81.77624,0.501336,2.592027,1.607615,49.34216,293.3568,3.168682
81.78738,0.493396,2.592114,1.610491,49.53717,293.4602,3.279012
81.79847,0.485405,2.592259,1.613413,49.69473,293.5524,3.469654
81.80962,0.477323,2.592445,1.616546,49.79396,293.6116,3.706502
81.82072,0.469346,2.592436,1.619772,49.84125,293.6382,3.911639
81.83179,0.4615,2.592276,1.622927,49.8754,293.63,4.041195
81.84295,0.453724,2.592091,1.625996,49.96572,293.5978,4.107587
81.85402,0.446155,2.591759,1.629022,50.10739,293.5075,4.06487
81.86515,0.438616,2.591535,1.632043,50.28258,293.4164,4.022977
81.87617,0.431149,2.591245,1.635182,50.48558,293.2794,3.946674
81.89744,0.423665,2.591014,1.638342,50.6567,293.1807,3.897526
81.90478,0.416216,2.590642,1.641633,50.78087,293.0388,3.852899
81.91169,0.408797,2.590205,1.644994,50.8392,292.9097,3.83481
81.9207,0.401397,2.589747,1.648381,50.8662,292.7394,3.802781
81.93168,0.393899,2.589083,1.65195,50.82929,292.519,3.796761
81.94296,0.386325,2.588346,1.655412,50.75365,292.2594,3.767532
81.9539,0.378587,2.587491,1.659057,50.61636,291.8879,3.677529
81.96508,0.370857,2.586495,1.66272,50.44513,291.5146,3.588281
81.97614,0.363135,2.585233,1.666486,50.26311,291.0605,3.444927
81.98732,0.355509,2.583905,1.670303,50.12125,290.6161,3.297117
81.99833,0.348061,2.582309,1.674155,50.01841,290.1512,3.170376
82.00957,0.340747,2.580683,1.677938,49.99476,289.7117,3.080238
82.02065,0.333455,2.579074,1.681803,50.0606,289.2126,2.997821
82.0316,0.32628,2.577598,1.685629,50.17953,288.6525,2.909314
82.04274,0.318915,2.576224,1.689518,50.30632,287.9924,2.794174
82.054,0.311623,2.574846,1.693361,50.38446,287.195,2.612189
82.06515,0.304209,2.573461,1.697234,50.36206,286.3211,2.40729
82.07614,0.296665,2.572141,1.701098,50.25262,285.3652,2.222569
82.08723,0.289135,2.570898,1.704937,50.10997,284.4341,2.094008
82.09841,0.281533,2.56977,1.708839,49.91925,283.3878,2.015574
82.10957,0.274023,2.568683,1.712771,49.7125,282.3242,1.966323
82.12058,0.266476,2.567945,1.716633,49.50863,281.1928,1.95875
82.13153,0.25872,2.567729,1.720366,49.44341,279.977,1.895148
82.14275,0.250803,2.568193,1.723911,49.54762,278.6619,1.705976
82.15379,0.242838,2.568915,1.727234,49.67349,277.3281,1.425497
82.16479,0.234875,2.570099,1.730207,49.7607,275.9433,1.147568
82.17587,0.226882,2.571424,1.733049,49.81203,274.6507,0.970608
82.187,0.218041,2.574171,1.735799,50.17831,273.3029,0.839759
82.19815,0.208857,2.577656,1.738507,50.75013,271.9229,0.705846
82.20937,0.200071,2.580621,1.740999,51.04695,270.4512,0.475176
82.22038,0.191606,2.582569,1.743319,50.85275,269.0792,0.499616
82.24142,0.183235,2.583558,1.74534,50.3207,267.6651,0.635279
82.24862,0.175141,2.583859,1.74704,49.67949,266.1566,0.315899
82.25555,0.167051,2.584446,1.748329,49.31323,264.6898,359.8832
82.26474,0.159037,2.585004,1.74941,48.98343,263.2477,359.4567
82.27598,0.150687,2.58592,1.750569,49.0066,261.7494,358.9654
82.29726,0.142623,2.586981,1.751383,49.42944,260.2584,358.2197
82.30457,0.135023,2.588048,1.751924,49.97514,258.8624,357.5752
82.31145,0.127737,2.588499,1.752162,50.4053,257.5984,356.892
82.32033,0.120609,2.588565,1.752403,50.68892,256.4269,356.4031
82.3314,0.113661,2.588583,1.752736,50.96301,255.2858,355.8578
82.34254,0.106589,2.588895,1.753062,51.32113,254.2251,355.4029
82.35376,0.099442,2.589104,1.753136,51.55993,253.2267,355.1201
82.36474,0.092241,2.58924,1.753041,51.70271,252.3212,354.9634
82.37601,0.085194,2.589278,1.752915,51.80737,251.4453,354.8302
82.38696,0.078311,2.589178,1.752708,51.91728,250.6148,354.7253
82.39812,0.0715,2.589035,1.752542,52.04062,249.7987,354.5679
82.40931,0.064702,2.589014,1.752365,52.18036,249.0863,354.4164
82.42039,0.058011,2.588933,1.752074,52.30521,248.4579,354.2323
82.43144,0.051239,2.588621,1.75156,52.34257,248.0278,354.0612
82.44248,0.044354,2.588449,1.750923,52.34564,247.6872,353.903
82.45372,0.037613,2.588051,1.750065,52.29477,247.4311,353.7166
82.46472,0.030674,2.587781,1.749183,52.22382,247.1624,353.5506
82.47582,0.023667,2.587519,1.748034,52.12161,247.0245,353.4576
82.48705,0.016806,2.587081,1.746881,52.03576,246.8829,353.394
82.49806,0.010434,2.586299,1.745216,51.97924,246.8815,353.4376
82.5092,0.003831,2.585654,1.743852,51.98241,246.8657,353.4914
82.52034,-0.002757,2.584876,1.742344,52.03219,246.9113,353.6345
82.53132,-0.009347,2.584155,1.74077,52.09928,246.9259,353.7645
82.54248,-0.01604,2.583343,1.739173,52.1454,246.9889,353.9095
82.55355,-0.022822,2.582406,1.737186,52.11999,247.141,354.0635
82.5647,-0.029696,2.581472,1.734999,52.04908,247.2889,354.1723
82.57584,-0.036715,2.580493,1.7326,51.96213,247.4779,354.2192
82.58696,-0.043681,2.579596,1.730152,51.89759,247.653,354.2411
82.59798,-0.050711,2.578712,1.727359,51.85138,247.9281,354.2943
82.60918,-0.057783,2.577808,1.724574,51.81676,248.227,354.3361
82.62032,-0.064883,2.576938,1.721672,51.78704,248.6904,354.4571
82.63124,-0.072127,2.576171,1.718662,51.74087,249.2348,354.6791
82.64235,-0.079544,2.575434,1.715603,51.69442,249.8698,354.9861
82.65351,-0.087109,2.574803,1.712376,51.62333,250.5935,355.3566
82.6646,-0.09482,2.57417,1.709059,51.48156,251.3392,355.7161
82.67574,-0.102724,2.57347,1.705473,51.23793,252.1529,356.0337
82.68694,-0.110589,2.57269,1.701907,50.91893,253.009,356.3109
82.69792,-0.118469,2.571855,1.69815,50.56286,254.0081,356.578
82.70902,-0.126375,2.571141,1.69452,50.2771,255.046,356.8333
82.72021,-0.134384,2.570572,1.690766,50.08482,256.2564,357.1087
82.73121,-0.142482,2.570224,1.687178,49.97348,257.4908,357.4195
82.74241,-0.150554,2.570142,1.683412,49.99797,258.8756,357.8121
82.75334,-0.158559,2.570199,1.679547,50.12408,260.2548,358.1503
82.76455,-0.166378,2.570522,1.675541,50.3475,261.6426,358.4527
82.77588,-0.174261,2.5709,1.671661,50.53435,262.9675,358.7352
82.78733,-0.181877,2.571363,1.667579,50.73178,264.2585,358.9274
82.79881,-0.189634,2.572062,1.663513,50.85294,265.5175,359.136
82.81042,-0.197649,2.572752,1.659512,50.87105,266.7212,359.3562
82.82198,-0.20585,2.573725,1.655459,50.81536,267.8652,359.637
82.83327,-0.214422,2.574781,1.651513,50.68441,268.8767,359.8393
82.85236,-0.222874,2.575629,1.647446,50.44125,269.8356,0.02191
82.85991,-0.231149,2.576248,1.643633,50.12965,270.73,0.219308
82.86732,-0.23948,2.576785,1.639938,49.83893,271.5817,0.415785
82.87556,-0.247579,2.577176,1.636335,49.62112,272.4326,0.657968
82.88667,-0.255582,2.577591,1.633055,49.54872,273.2362,0.988703
82.89781,-0.263453,2.577995,1.630034,49.57063,273.9894,1.403601
82.90884,-0.271093,2.578272,1.627187,49.74121,274.6289,1.894543
82.92012,-0.278848,2.578609,1.624523,49.95893,275.2773,2.383951
82.93112,-0.286258,2.578718,1.621913,50.24628,275.8721,2.882693
82.9423,-0.293644,2.578741,1.619298,50.46814,276.4404,3.333287
82.95333,-0.301049,2.578737,1.616935,50.70145,276.9055,3.716162
82.96441,-0.308427,2.578793,1.614564,50.92423,277.3468,4.037829
82.97554,-0.315691,2.578738,1.612436,51.14788,277.6761,4.262496
82.98659,-0.323055,2.578591,1.610362,51.35786,278.0032,4.472466
82.99778,-0.330393,2.578341,1.608456,51.53512,278.2537,4.583488
83.00892,-0.33782,2.578083,1.60672,51.68742,278.4732,4.685824
83.02013,-0.345597,2.577821,1.60524,51.82631,278.7081,4.814716
83.03109,-0.353361,2.577469,1.603997,51.87094,278.8762,4.9399
83.04223,-0.361238,2.577071,1.602854,51.88486,279.0794,5.103546
83.05345,-0.36915,2.576427,1.602009,51.80217,279.2371,5.255226
83.06438,-0.377112,2.575611,1.601352,51.69888,279.403,5.403235
83.07561,-0.385069,2.574706,1.600878,51.59541,279.5182,5.533663
83.08675,-0.393024,2.573705,1.600566,51.50224,279.59,5.66318
83.09776,-0.401007,2.572688,1.600371,51.43584,279.6436,5.804799
83.10896,-0.409042,2.571712,1.600353,51.40173,279.642,5.911011
83.12012,-0.417021,2.570636,1.60051,51.41811,279.5698,5.970383
83.13104,-0.425081,2.56946,1.600906,51.41966,279.4716,5.971283
83.14223,-0.433136,2.56828,1.601498,51.44033,279.3999,5.995924
83.15327,-0.441296,2.567092,1.602378,51.44875,279.3237,5.996197
83.16439,-0.449567,2.565977,1.603291,51.46867,279.2491,6.026413
83.17551,-0.457804,2.564893,1.604575,51.48315,279.1194,6.059524
83.18667,-0.465894,2.563777,1.605863,51.51108,278.9436,6.087436
83.19773,-0.474024,2.562809,1.607375,51.61482,278.7041,6.101809
83.20895,-0.482255,2.562086,1.608888,51.75203,278.4083,6.083242
83.2301,-0.490678,2.561729,1.610627,51.82467,278.0012,6.010863
83.23746,-0.499469,2.561523,1.612342,51.77111,277.5807,5.980445
83.2444,-0.508604,2.561584,1.614167,51.60868,277.1282,5.996721
83.25323,-0.518042,2.561878,1.616189,51.40517,276.6264,6.022279
83.2644,-0.527463,2.562113,1.6184,51.14637,276.0624,6.068856
83.27551,-0.536676,2.562442,1.620594,50.89598,275.4258,6.115483
83.28656,-0.545699,2.562717,1.62283,50.71921,274.7096,6.134313
83.29773,-0.554517,2.563203,1.625144,50.66013,273.8203,6.084735
83.30888,-0.563245,2.563736,1.627441,50.66012,272.8336,5.988619
83.31995,-0.571739,2.564205,1.62974,50.6913,271.7361,5.865758
83.33102,-0.580439,2.565116,1.632173,50.76604,270.6844,5.815597
83.34225,-0.589584,2.566332,1.634857,50.90675,269.5895,5.719495
83.35323,-0.598667,2.56743,1.637623,50.9671,268.5298,5.659949
83.36438,-0.607757,2.568354,1.640541,50.88419,267.4785,5.676935
83.37539,-0.616997,2.569052,1.643299,50.7295,266.5028,5.696209
83.38667,-0.626289,2.569669,1.645994,50.56475,265.4761,5.603715
83.39769,-0.635464,2.569908,1.648646,50.36609,264.3977,5.429463
83.4089,-0.644679,2.569705,1.651256,50.07057,263.2773,5.224669
83.41996,-0.653523,2.569168,1.653743,49.76665,262.21,5.007324
83.43103,-0.662047,2.568481,1.656228,49.56131,261.1538,4.653592
83.44211,-0.670283,2.567611,1.65844,49.54571,260.1448,4.22655
83.45342,-0.678078,2.566596,1.660267,49.6489,259.2255,3.837426
83.47443,-0.685723,2.565947,1.662132,50.04724,258.3641,3.399338
83.48196,-0.693148,2.565413,1.663789,50.56192,257.5779,3.007684
83.48914,-0.700483,2.565197,1.665282,51.21285,256.8335,2.644624
83.49767,-0.707871,2.565112,1.666641,51.76684,256.1237,2.374623
83.50904,-0.71529,2.565223,1.667896,52.21883,255.3923,2.103473
83.52003,-0.722848,2.565582,1.668983,52.61373,254.6537,1.885324
83.5413,-0.730602,2.566467,1.669799,52.9788,253.9312,1.731711
83.5487,-0.738557,2.567414,1.670372,53.29861,253.174,1.581772
83.55584,-0.746742,2.568997,1.670663,53.57611,252.4437,1.422837
83.56425,-0.754874,2.570519,1.670885,53.7101,251.7146,1.268236
83.5755,-0.762889,2.572022,1.671045,53.75631,251.0149,1.091258
83.58653,-0.771052,2.5737,1.671135,53.68262,250.3533,0.894883
83.59763,-0.779163,2.575419,1.671169,53.64739,249.6964,0.609333
83.6088,-0.787173,2.577134,1.670709,53.55988,249.1547,0.321671
83.62021,-0.795113,2.578817,1.670236,53.42507,248.6266,0.007479
83.631,-0.802993,2.580162,1.669554,53.22851,248.1747,359.6875
83.64211,-0.810731,2.58123,1.668728,52.96989,247.828,359.3999
83.6532,-0.818457,2.582055,1.66764,52.7522,247.5234,359.1146
83.66435,-0.826194,2.582675,1.666417,52.58971,247.2154,358.8698
83.67552,-0.834074,2.583075,1.664974,52.43453,246.9296,358.6867
83.6865,-0.842022,2.583271,1.66348,52.29363,246.6443,358.5528
83.69775,-0.849863,2.583004,1.661774,52.13755,246.3877,358.5034
83.70883,-0.857704,2.582513,1.660067,51.99318,246.154,358.4613
83.71991,-0.865461,2.581717,1.658298,51.8759,245.9572,358.5012
83.73105,-0.873337,2.580573,1.656316,51.82183,245.8193,358.5996
83.74226,-0.881369,2.579428,1.654128,51.84228,245.7302,358.7637
83.75317,-0.889579,2.578407,1.651695,51.85603,245.6599,358.9236
83.76438,-0.897894,2.577322,1.649108,51.81755,245.6272,359.0643
83.77543,-0.906394,2.575953,1.646074,51.71382,245.6049,359.175
83.78645,-0.914837,2.574614,1.64303,51.56522,245.5579,359.2306
83.79759,-0.92349,2.573179,1.639652,51.37855,245.5105,359.2577
83.80875,-0.932272,2.571885,1.635989,51.17942,245.5051,359.2791
83.81988,-0.941188,2.570642,1.632057,50.97693,245.5216,359.2943
83.83096,-0.950056,2.569466,1.628036,50.74893,245.6003,359.3555
83.84211,-0.958883,2.568251,1.62375,50.46822,245.7883,359.4326
83.85329,-0.967611,2.567115,1.61953,50.21288,246.0121,359.5743
83.86442,-0.97625,2.56614,1.61513,49.95792,246.3249,359.7642
83.87546,-0.984757,2.565227,1.61066,49.65432,246.6304,359.9709
83.88653,-0.993247,2.564405,1.606133,49.30745,246.9329,0.205516
83.89764,-1.001709,2.563929,1.601339,48.88316,247.2406,0.439765
83.90877,-1.010178,2.563604,1.596483,48.45164,247.524,0.652521
83.91985,-1.018775,2.563874,1.591377,47.98253,247.8237,0.858253
83.93098,-1.027627,2.564643,1.58623,47.59583,248.1118,1.082353
83.94215,-1.036666,2.566339,1.580833,47.32167,248.435,1.292482
83.95316,-1.045579,2.567929,1.575534,46.99131,248.7127,1.417179
83.96426,-1.053967,2.569501,1.570193,46.44444,248.9769,1.519213
83.9754,-1.062512,2.571341,1.565,45.92756,249.2215,1.726516
83.98654,-1.071268,2.574377,1.559626,45.75846,249.4723,1.830748
84.00774,-1.080099,2.578441,1.554235,46.01616,249.713,1.844216
84.01517,-1.088538,2.582821,1.549147,46.32265,249.8872,1.781137
84.02261,-1.096525,2.586699,1.544204,46.35607,250.0692,1.852521
84.03075,-1.104253,2.590077,1.539366,46.12781,250.2261,1.940403
84.04196,-1.111967,2.593048,1.53446,45.79895,250.3901,1.90594
84.05304,-1.119702,2.595831,1.52966,45.22031,250.5388,1.881217
84.06416,-1.127965,2.598557,1.525062,44.38171,250.65,2.026855
84.07533,-1.136573,2.60139,1.520491,43.61265,250.7015,2.264864
84.09638,-1.145519,2.604606,1.515957,42.97253,250.7058,2.554632
84.1037,-1.154034,2.607689,1.51129,42.55761,250.7635,2.857858
84.11095,-1.162475,2.610349,1.507063,42.20967,250.7951,3.115808
84.11959,-1.170536,2.612377,1.503192,41.97336,250.8268,3.326759
84.13076,-1.178277,2.614028,1.499497,41.88624,250.8111,3.36148
84.14196,-1.185965,2.615521,1.495849,41.92874,250.7846,3.321074
84.1529,-1.193736,2.616785,1.492006,41.95126,250.7992,3.241949
84.16411,-1.201585,2.618031,1.488126,41.85166,250.7616,3.09577
84.17525,-1.209556,2.618776,1.484367,41.6764,250.73,2.853155
84.18628,-1.217479,2.61928,1.480759,41.5172,250.6714,2.584446
84.19752,-1.225429,2.619705,1.477246,41.46772,250.6597,2.386059
84.20856,-1.23331,2.619716,1.473833,41.60796,250.6465,2.222907
84.21964,-1.241093,2.619827,1.470582,41.82518,250.6237,2.103624
84.23072,-1.248881,2.619516,1.467491,42.14154,250.6213,2.071886
84.24191,-1.256577,2.619187,1.464545,42.47311,250.6452,2.075531
84.25305,-1.26422,2.618615,1.461749,42.84338,250.6783,2.062753
84.26406,-1.271868,2.618041,1.458722,43.19409,250.7214,2.08123
84.27515,-1.279417,2.617371,1.455977,43.54052,250.7811,2.07728
84.28639,-1.28708,2.616769,1.453188,43.85849,250.8176,2.051883
84.29743,-1.295017,2.616296,1.45097,44.10772,250.8376,2.026333
84.31868,-1.302775,2.615556,1.448232,44.29985,250.8163,1.967978
84.3263,-1.310701,2.614769,1.445528,44.44507,250.7918,1.947339
84.33332,-1.318716,2.614119,1.442863,44.57348,250.7507,1.924155
84.34184,-1.326935,2.613369,1.44021,44.63751,250.6996,1.914995
84.35281,-1.335196,2.612645,1.437634,44.67223,250.6382,1.88369
84.36393,-1.343472,2.611735,1.435021,44.65833,250.5811,1.841682
84.37502,-1.351812,2.610613,1.432423,44.63514,250.533,1.797798
84.38629,-1.360146,2.60949,1.42997,44.64285,250.4894,1.732358
84.3972,-1.368656,2.608443,1.428221,44.67292,250.4502,1.693486
84.40839,-1.376983,2.607244,1.425844,44.73689,250.3553,1.626381
84.41948,-1.385376,2.60594,1.423462,44.80691,250.2356,1.58511
84.43057,-1.39378,2.604324,1.421002,44.83855,250.0789,1.504348
84.44165,-1.40218,2.602548,1.418572,44.83272,249.8723,1.39513
84.45293,-1.410485,2.600742,1.416206,44.82262,249.6862,1.295419
84.47395,-1.418792,2.598826,1.413807,44.82384,249.4573,1.189927
84.48125,-1.426957,2.596987,1.411537,44.83178,249.2153,1.106188
84.48821,-1.435253,2.59505,1.409295,44.84139,248.919,1.051385
84.49708,-1.443667,2.592967,1.406791,44.82002,248.621,1.042244
84.50821,-1.452076,2.591073,1.404508,44.74943,248.3103,1.03572
84.51931,-1.460755,2.589253,1.402231,44.61457,247.9161,1.085707
84.53053,-1.469545,2.587596,1.399927,44.47717,247.5009,1.091906
84.54167,-1.478416,2.586198,1.397583,44.27552,247.0201,1.090902
84.55265,-1.487408,2.585112,1.395103,44.02196,246.4682,1.011126
84.56386,-1.496389,2.584072,1.392622,43.7174,245.8746,0.886935
84.575,-1.505537,2.583225,1.389963,43.29239,245.1952,0.692261
84.58603,-1.514749,2.582712,1.387323,42.75399,244.4196,0.427954
84.5971,-1.523964,2.582289,1.384671,42.22601,243.683,0.225342
84.60828,-1.533318,2.582514,1.382027,41.60089,242.8881,0.032192
84.62951,-1.542664,2.582923,1.379401,40.90327,242.088,359.9065
84.63683,-1.552106,2.583741,1.376703,40.07829,241.2985,359.8795
84.6438,-1.561529,2.58486,1.373979,39.12034,240.4995,359.9354
84.65268,-1.571005,2.586233,1.371143,38.06829,239.6897,0.044888
84.66379,-1.580578,2.588731,1.368383,36.98287,238.8305,0.261374
84.67509,-1.590146,2.59206,1.365432,36.09607,237.9414,0.52319
84.686,-1.599389,2.595921,1.362578,35.3088,236.9352,0.728675
84.6972,-1.608328,2.599667,1.359743,34.39778,235.924,1.021708
84.71807,-1.617521,2.604567,1.356605,33.4142,234.8599,1.542089
84.72562,-1.626958,2.609752,1.353371,32.53616,233.773,1.896161
84.73262,-1.636114,2.61612,1.35004,31.86917,232.7119,2.236125
84.74168,-1.645181,2.621977,1.346825,30.98893,231.5852,2.632798
84.76247,-1.653758,2.627255,1.34383,29.80689,230.4686,3.152511
84.77362,-1.662169,2.632123,1.340693,28.66102,229.3661,3.626876
84.78061,-1.670312,2.637092,1.337708,27.53189,228.2786,4.036504
84.78756,-1.678485,2.642238,1.33453,26.41764,227.1662,4.405653
84.79707,-1.686667,2.647744,1.333446,25.13266,226.0759,4.806039
84.80826,-1.694792,2.652341,1.330355,23.71141,224.9492,5.135493
84.81934,-1.702882,2.656724,1.327118,22.29105,223.828,5.388056
84.83041,-1.710632,2.660605,1.324002,20.62344,222.7683,5.644331
84.84157,-1.718403,2.664151,1.320401,19.00498,221.7495,5.864811
84.85257,-1.725968,2.667302,1.317092,17.43429,220.6857,6.035439
84.87364,-1.733454,2.670157,1.313738,16.05147,219.5972,6.220718
84.8811,-1.740779,2.672661,1.310637,14.90385,218.4902,6.371671
84.88814,-1.747952,2.674775,1.307329,13.82101,217.4099,6.490176
84.89714,-1.754743,2.675958,1.304261,12.90479,216.4013,6.50192
84.9083,-1.76146,2.676882,1.301208,12.05052,215.4052,6.517792
84.91943,-1.767808,2.677054,1.298329,11.47924,214.463,6.455064
84.94083,-1.774126,2.677559,1.295434,11.11858,213.5204,6.36304
84.94823,-1.780292,2.678238,1.292367,10.84699,212.6225,6.25877
84.95547,-1.786143,2.679112,1.289211,10.76085,211.7658,6.016277
84.96379,-1.791964,2.680053,1.285957,10.66391,210.8972,5.718474
84.98475,-1.79728,2.680955,1.282732,10.65983,210.1189,5.291283
84.99229,-1.802281,2.68196,1.279896,10.66151,209.3795,4.796362
84.99936,-1.806984,2.682683,1.276735,10.8584,208.693,4.291479
85.00821,-1.811628,2.683394,1.27363,11.07185,208.0118,3.813572
85.02922,-1.815949,2.684028,1.270647,11.40164,207.3989,3.347757
85.03665,-1.820272,2.684751,1.267665,11.69461,206.8086,2.961927
85.04379,-1.824498,2.685515,1.264848,11.98053,206.2222,2.682913
85.05267,-1.828513,2.686481,1.262085,12.2299,205.6728,2.486405
85.06384,-1.832367,2.687377,1.259292,12.4718,205.1264,2.376961
85.07502,-1.836321,2.688093,1.25664,12.63779,204.6012,2.277498
85.09647,-1.839953,2.688696,1.253804,12.75817,204.0929,2.189396
85.10389,-1.843447,2.68942,1.251125,12.81192,203.611,2.121137
85.11124,-1.846966,2.690335,1.248127,12.79454,203.1239,2.08565
85.11932,-1.850164,2.691013,1.245229,12.71589,202.644,2.056979
85.13064,-1.853233,2.691745,1.242192,12.62206,202.1534,2.044495
85.14159,-1.856206,2.692437,1.239226,12.50802,201.6487,2.019759
85.15269,-1.859099,2.692981,1.236327,12.43361,201.153,1.964915
85.16377,-1.861831,2.693258,1.233541,12.41086,200.6702,1.898301
85.17494,-1.864519,2.693335,1.230902,12.45867,200.2077,1.77569
85.18602,-1.867084,2.693068,1.228355,12.53955,199.8086,1.668115
85.19711,-1.869522,2.692788,1.225783,12.63685,199.4655,1.546051
85.21816,-1.871786,2.692359,1.223402,12.73171,199.1374,1.470696
85.22585,-1.874035,2.691849,1.220932,12.81174,198.7722,1.453499
85.24058,-1.876173,2.691174,1.218597,12.86996,198.3638,1.493254
85.24783,-1.878206,2.69027,1.216269,12.91127,197.9267,1.573799
85.2551,-1.880166,2.689121,1.21401,12.91343,197.4565,1.677059
85.27364,-1.881974,2.687601,1.211853,12.92077,196.9775,1.822817
85.28133,-1.883753,2.68599,1.209747,12.94781,196.4881,1.990725
85.28867,-1.885282,2.684197,1.207818,13.01243,196.009,2.264839
85.29719,-1.886951,2.682479,1.205871,13.05645,195.5092,2.574578
85.30832,-1.888619,2.680823,1.203895,13.07269,194.9905,2.939831
85.32931,-1.890258,2.679247,1.201885,13.03156,194.5128,3.283551
85.33692,-1.891865,2.677623,1.199846,12.93844,194.0399,3.629421
85.34435,-1.893424,2.676189,1.197691,12.87742,193.5987,3.955765
85.35267,-1.894819,2.675088,1.195668,12.82956,193.1799,4.276783
85.37373,-1.89613,2.674317,1.193783,12.8596,192.7616,4.586301
85.38138,-1.897462,2.674484,1.191615,12.93882,192.319,4.951652
85.39255,-1.898748,2.676367,1.189194,13.10253,191.8314,5.406943
85.39991,-1.899966,2.679431,1.186687,13.24606,191.2438,5.65996
85.40822,-1.900976,2.68154,1.184454,13.31028,190.6212,5.638711
85.41949,-1.901817,2.682921,1.182369,13.19237,189.9427,5.485272
85.4403,-1.902644,2.683573,1.179867,12.89751,189.2871,5.253733
85.44793,-1.903397,2.684166,1.177389,12.63782,188.7741,4.820105
85.45531,-1.904186,2.685266,1.175008,12.45842,188.2447,4.277569
85.4637,-1.905039,2.686539,1.17243,12.14495,187.7984,3.880173
85.47494,-1.906076,2.687588,1.169658,11.69833,187.2759,3.744795
85.48598,-1.907119,2.688271,1.167094,11.18706,186.7202,3.584628
85.49714,-1.908163,2.688348,1.164505,10.61555,186.1642,3.569451
85.50834,-1.909258,2.687938,1.162002,10.05543,185.6427,3.493991
85.52934,-1.910475,2.6869,1.159678,9.567779,185.1158,3.54666
85.53699,-1.911775,2.685953,1.157411,9.269301,184.6251,3.567185
85.54843,-1.913218,2.685179,1.155117,8.983373,184.1573,3.716247
85.55581,-1.914646,2.685102,1.152843,8.799803,183.6557,3.990304
85.56371,-1.915905,2.685328,1.150265,8.41413,183.1373,4.05585
85.57507,-1.91719,2.685794,1.147722,7.9628,182.6969,4.193035
85.58599,-1.918591,2.686137,1.14525,7.555285,182.1898,4.226088
85.59713,-1.919962,2.686538,1.143022,7.392058,181.7372,4.233849
85.61813,-1.921371,2.686928,1.140984,7.425319,181.2654,4.227561
85.62601,-1.92291,2.687481,1.139171,7.592285,180.8585,4.283459
85.6335,-1.924566,2.688077,1.137289,7.717473,180.462,4.401316
85.65127,-1.926389,2.689065,1.135413,7.872488,180.076,4.590149
85.65876,-1.928303,2.690291,1.133465,7.982927,179.6928,4.76532
85.66615,-1.930238,2.691688,1.131669,8.121178,179.2785,4.960162
85.67483,-1.932132,2.692876,1.129861,8.20876,178.8294,5.067347
85.68608,-1.933917,2.69385,1.128044,8.233057,178.4015,5.047965
85.70689,-1.935732,2.694624,1.126262,8.216104,177.9822,4.957591
85.71856,-1.937561,2.695139,1.12449,8.14871,177.5992,4.782396
85.72617,-1.93943,2.695637,1.122727,8.045108,177.2411,4.664828
85.7337,-1.941412,2.695984,1.120954,7.867104,176.8987,4.625322
85.74153,-1.943449,2.696377,1.119112,7.608366,176.5567,4.701248
85.75266,-1.945581,2.696743,1.117295,7.348716,176.1919,4.844413
85.76376,-1.94785,2.697003,1.115444,7.001225,175.8198,5.080795
85.77494,-1.9501,2.697144,1.113585,6.66162,175.4302,5.28669
85.78593,-1.95241,2.697094,1.111704,6.314731,175.0373,5.474082
85.79709,-1.954756,2.696851,1.109965,6.029207,174.6706,5.636631
85.80817,-1.957093,2.696323,1.108295,5.809641,174.3292,5.735415
85.81937,-1.959401,2.695616,1.106582,5.619066,173.9985,5.792423
85.83044,-1.961686,2.694508,1.105054,5.474658,173.6727,5.836611
85.85134,-1.963995,2.693195,1.103563,5.37454,173.3002,5.857513
85.85941,-1.966294,2.692037,1.102095,5.358228,172.9016,5.906384
85.87096,-1.968541,2.691304,1.100704,5.435484,172.4831,5.926594
85.87909,-1.970889,2.691724,1.09927,5.660878,172.0648,6.086018
85.896,-1.973254,2.693792,1.097645,5.977839,171.6592,6.365179
85.90363,-1.975427,2.696063,1.096101,6.216182,171.2659,6.557625
85.91124,-1.977482,2.697979,1.094708,6.333577,170.8635,6.574404
85.91931,-1.979473,2.698942,1.09311,6.260648,170.3972,6.641622
